kampus;jarak_km;jenis_tinggal;tipe_tinggal_baku
UINRIL;19,270000000;Rumah Bersama Saudara;Rumah Keluarga/Pribadi
UINRIL;0,580000000;Kos Sendiri;Kos/Asrama
UINRIL;0,560000000;Kos Sendiri;Kos/Asrama
UINRIL;1,050000000;Kos Sendiri;Kos/Asrama
UINRIL;1,690000000;Rumah Mengontrak Bersama-sama;Rumah Keluarga/Pribadi
UINRIL;7,910000000;Rumah Pribadi/Rumah Keluarga;Rumah Keluarga/Pribadi
UINRIL;2,580000000;Rumah Pribadi/Rumah Keluarga;Rumah Keluarga/Pribadi
UINRIL;2,320000000;Rumah Pribadi/Rumah Keluarga;Rumah Keluarga/Pribadi
UINRIL;0,770000000;Kos Sendiri;Kos/Asrama
UINRIL;6,560000000;Rumah Pribadi/Rumah Keluarga;Rumah Keluarga/Pribadi
UINRIL;0,630000000;Kos Bersama-sama;Kos/Asrama
UINRIL;0,530000000;Kos Sendiri;Kos/Asrama
UINRIL;0,910000000;Rumah Mengontrak Pribadi;Rumah Keluarga/Pribadi
UINRIL;2,520000000;Rumah Pribadi/Rumah Keluarga;Rumah Keluarga/Pribadi
UINRIL;1,310000000;Kos Bersama-sama;Kos/Asrama
UINRIL;0,830000000;Kos Sendiri;Kos/Asrama
UINRIL;0,950000000;Rumah Mengontrak Bersama-sama;Rumah Keluarga/Pribadi
UINRIL;7,670000000;Rumah Pribadi/Rumah Keluarga;Rumah Keluarga/Pribadi
UINRIL;4,340000000;Rumah Pribadi/Rumah Keluarga;Rumah Keluarga/Pribadi
UINRIL;4,460000000;Rumah Bersama Saudara;Rumah Keluarga/Pribadi
UINRIL;0,710000000;Kos Bersama-sama;Kos/Asrama
UINRIL;0,920000000;Kos Bersama-sama;Kos/Asrama
UINRIL;1,370000000;Kos Sendiri;Kos/Asrama
UINRIL;0,560000000;Kos Sendiri;Kos/Asrama
UINRIL;3,020000000;Rumah Pribadi/Rumah Keluarga;Rumah Keluarga/Pribadi
UINRIL;8,560000000;Rumah Pribadi/Rumah Keluarga;Rumah Keluarga/Pribadi
UINRIL;8,490000000;Rumah Pribadi/Rumah Keluarga;Rumah Keluarga/Pribadi
UINRIL;4,770000000;Rumah Pribadi/Rumah Keluarga;Rumah Keluarga/Pribadi
UINRIL;0,340000000;Kos Sendiri;Kos/Asrama
UINRIL;2,400000000;Rumah Mengontrak Bersama-sama;Rumah Keluarga/Pribadi
UINRIL;4,300000000;Rumah Bersama Saudara;Rumah Keluarga/Pribadi
UINRIL;0,270000000;Kos Sendiri;Kos/Asrama
UINRIL;2,450000000;Rumah Pribadi/Rumah Keluarga;Rumah Keluarga/Pribadi
UINRIL;26,140000000;Rumah Pribadi/Rumah Keluarga;Rumah Keluarga/Pribadi
UINRIL;1,270000000;Kos Sendiri;Kos/Asrama
UINRIL;9,090000000;Rumah Pribadi/Rumah Keluarga;Rumah Keluarga/Pribadi
UINRIL;1,390000000;Rumah Mengontrak Bersama-sama;Rumah Keluarga/Pribadi
UINRIL;0,630000000;Rumah Pribadi/Rumah Keluarga;Rumah Keluarga/Pribadi
UINRIL;4,560000000;Rumah Pribadi/Rumah Keluarga;Rumah Keluarga/Pribadi
UINRIL;2,060000000;Rumah Pribadi/Rumah Keluarga;Rumah Keluarga/Pribadi
UINRIL;5,070000000;Rumah Pribadi/Rumah Keluarga;Rumah Keluarga/Pribadi
UINRIL;6,010000000;Kos Sendiri;Kos/Asrama
UINRIL;7,830000000;Rumah Bersama Saudara;Rumah Keluarga/Pribadi
UINRIL;7,870000000;Rumah Pribadi/Rumah Keluarga;Rumah Keluarga/Pribadi
UINRIL;1,050000000;Rumah Mengontrak Bersama-sama;Rumah Keluarga/Pribadi
UINRIL;10,660000000;Rumah Pribadi/Rumah Keluarga;Rumah Keluarga/Pribadi
UINRIL;1,150000000;Kos Sendiri;Kos/Asrama
UINRIL;1,510000000;Kos Bersama-sama;Kos/Asrama
UINRIL;6,180000000;Rumah Bersama Saudara;Rumah Keluarga/Pribadi
UINRIL;0,970000000;Kos Sendiri;Kos/Asrama
UINRIL;4,260000000;Rumah Pribadi/Rumah Keluarga;Rumah Keluarga/Pribadi
UINRIL;0,910000000;Kos Sendiri;Kos/Asrama
UINRIL;7,090000000;Rumah Pribadi/Rumah Keluarga;Rumah Keluarga/Pribadi
UINRIL;0,510000000;Kos Sendiri;Kos/Asrama
UINRIL;3,380000000;Rumah Pribadi/Rumah Keluarga;Rumah Keluarga/Pribadi
UINRIL;2,090000000;Rumah Pribadi/Rumah Keluarga;Rumah Keluarga/Pribadi
UINRIL;1,500000000;Kos Sendiri;Kos/Asrama
UINRIL;1,460000000;Rumah Pribadi/Rumah Keluarga;Rumah Keluarga/Pribadi
UINRIL;0,440000000;Kos Bersama-sama;Kos/Asrama
UINRIL;1,250000000;Kos Sendiri;Kos/Asrama
UINRIL;1,250000000;Kos Sendiri;Kos/Asrama
UINRIL;5,300000000;Kos Bersama-sama;Kos/Asrama
UINRIL;1,270000000;Kos Sendiri;Kos/Asrama
UINRIL;1,150000000;Kos Sendiri;Kos/Asrama
UINRIL;2,690000000;Rumah Bersama Saudara;Rumah Keluarga/Pribadi
UINRIL;1,050000000;Kos Bersama-sama;Kos/Asrama
UINRIL;8,500000000;Rumah Pribadi/Rumah Keluarga;Rumah Keluarga/Pribadi
UINRIL;0,780000000;Kos Sendiri;Kos/Asrama
UINRIL;0,780000000;Kos Bersama-sama;Kos/Asrama
UINRIL;0,860000000;Kos Sendiri;Kos/Asrama
UINRIL;0,220000000;Asrama;Kos/Asrama
UINRIL;6,960000000;Rumah Pribadi/Rumah Keluarga;Rumah Keluarga/Pribadi
UINRIL;2,450000000;Kos Sendiri;Kos/Asrama
UINRIL;0,800000000;Kos Bersama-sama;Kos/Asrama
UINRIL;1,590000000;Kos Sendiri;Kos/Asrama
UINRIL;5,470000000;Rumah Pribadi/Rumah Keluarga;Rumah Keluarga/Pribadi
UINRIL;0,790000000;Kos Sendiri;Kos/Asrama
UINRIL;0,790000000;Kos Sendiri;Kos/Asrama
UINRIL;1,500000000;Rumah Bersama Saudara;Rumah Keluarga/Pribadi
UINRIL;0,780000000;Kos Sendiri;Kos/Asrama
UINRIL;7,130000000;Rumah Pribadi/Rumah Keluarga;Rumah Keluarga/Pribadi
UINRIL;0,220000000;Asrama;Kos/Asrama
UINRIL;1,500000000;Kos Sendiri;Kos/Asrama
UINRIL;9,370000000;Rumah Pribadi/Rumah Keluarga;Rumah Keluarga/Pribadi
UINRIL;1,150000000;Kos Bersama-sama;Kos/Asrama
UINRIL;0,920000000;Kos Sendiri;Kos/Asrama
UINRIL;0,540000000;Kos Bersama-sama;Kos/Asrama
UINRIL;0,780000000;Kos Bersama-sama;Kos/Asrama
UINRIL;3,440000000;Rumah Pribadi/Rumah Keluarga;Rumah Keluarga/Pribadi
UINRIL;0,510000000;Kos Sendiri;Kos/Asrama
UINRIL;9,320000000;Rumah Pribadi/Rumah Keluarga;Rumah Keluarga/Pribadi
UINRIL;1,070000000;Kos Sendiri;Kos/Asrama
UINRIL;0,720000000;Kos Sendiri;Kos/Asrama
UINRIL;5,790000000;Rumah Pribadi/Rumah Keluarga;Rumah Keluarga/Pribadi
UINRIL;7,930000000;Rumah Pribadi/Rumah Keluarga;Rumah Keluarga/Pribadi
UINRIL;0,880000000;Kos Bersama-sama;Kos/Asrama
UINRIL;0,880000000;Kos Sendiri;Kos/Asrama
UINRIL;0,220000000;Asrama;Kos/Asrama
UINRIL;2,100000000;Rumah Bersama Saudara;Rumah Keluarga/Pribadi
UINRIL;3,850000000;Rumah Mengontrak Bersama-sama;Rumah Keluarga/Pribadi
UINRIL;0,710000000;Kos Sendiri;Kos/Asrama
UINRIL;0,570000000;Rumah Mengontrak Bersama-sama;Rumah Keluarga/Pribadi
UINRIL;4,950000000;Rumah Pribadi/Rumah Keluarga;Rumah Keluarga/Pribadi
UINRIL;2,340000000;Rumah Pribadi/Rumah Keluarga;Rumah Keluarga/Pribadi
UINRIL;1,840000000;Kos Sendiri;Kos/Asrama
UINRIL;3,170000000;Rumah Mengontrak Bersama-sama;Rumah Keluarga/Pribadi
UINRIL;2,310000000;Kos Sendiri;Kos/Asrama
UINRIL;11,350000000;Rumah Pribadi/Rumah Keluarga;Rumah Keluarga/Pribadi
UINRIL;1,840000000;Kos Sendiri;Kos/Asrama
UINRIL;2,310000000;Kos Sendiri;Kos/Asrama
UINRIL;6,040000000;Rumah Pribadi/Rumah Keluarga;Rumah Keluarga/Pribadi
UINRIL;3,500000000;Rumah Mengontrak Bersama-sama;Rumah Keluarga/Pribadi
UINRIL;1,150000000;Kos Sendiri;Kos/Asrama
UINRIL;4,290000000;Rumah Pribadi/Rumah Keluarga;Rumah Keluarga/Pribadi
UINRIL;1,360000000;Kos Sendiri;Kos/Asrama
UINRIL;1,840000000;Kos Sendiri;Kos/Asrama
UINRIL;0,800000000;Kos Sendiri;Kos/Asrama
UINRIL;0,910000000;Kos Sendiri;Kos/Asrama
UINRIL;9,950000000;Rumah Pribadi/Rumah Keluarga;Rumah Keluarga/Pribadi
UINRIL;0,910000000;Kos Bersama-sama;Kos/Asrama
UINRIL;0,950000000;Rumah Mengontrak Bersama-sama;Rumah Keluarga/Pribadi
UINRIL;3,700000000;Rumah Pribadi/Rumah Keluarga;Rumah Keluarga/Pribadi
UINRIL;4,590000000;Rumah Pribadi/Rumah Keluarga;Rumah Keluarga/Pribadi
UINRIL;2,090000000;Kos Bersama-sama;Kos/Asrama
UINRIL;1,840000000;Kos Bersama-sama;Kos/Asrama
UINRIL;11,450000000;Rumah Pribadi/Rumah Keluarga;Rumah Keluarga/Pribadi
UINRIL;4,310000000;Kos Bersama-sama;Kos/Asrama
UINRIL;0,900000000;Rumah Bersama Saudara;Rumah Keluarga/Pribadi
UINRIL;0,770000000;Kos Sendiri;Kos/Asrama
UINRIL;0,950000000;Kos Sendiri;Kos/Asrama
UINRIL;6,040000000;Rumah Pribadi/Rumah Keluarga;Rumah Keluarga/Pribadi
UINRIL;17,520000000;Rumah Pribadi/Rumah Keluarga;Rumah Keluarga/Pribadi
UINRIL;7,700000000;Rumah Pribadi/Rumah Keluarga;Rumah Keluarga/Pribadi
UINRIL;1,510000000;Kos Bersama-sama;Kos/Asrama
UINRIL;2,230000000;Rumah Pribadi/Rumah Keluarga;Rumah Keluarga/Pribadi
UINRIL;0,680000000;Kos Sendiri;Kos/Asrama
UINRIL;0,970000000;Rumah Pribadi/Rumah Keluarga;Rumah Keluarga/Pribadi
UINRIL;8,340000000;Rumah Mengontrak Bersama-sama;Rumah Keluarga/Pribadi
UINRIL;2,270000000;Kos Sendiri;Kos/Asrama
UINRIL;2,120000000;Kos Sendiri;Kos/Asrama
UINRIL;3,280000000;Rumah Pribadi/Rumah Keluarga;Rumah Keluarga/Pribadi
UINRIL;9,360000000;Kos Bersama-sama;Kos/Asrama
UINRIL;4,360000000;Rumah Pribadi/Rumah Keluarga;Rumah Keluarga/Pribadi
UINRIL;1,340000000;Rumah Pribadi/Rumah Keluarga;Rumah Keluarga/Pribadi
UINRIL;4,050000000;Rumah Pribadi/Rumah Keluarga;Rumah Keluarga/Pribadi
UINRIL;0,430000000;Kos Sendiri;Kos/Asrama
UINRIL;2,370000000;Kos Bersama-sama;Kos/Asrama
UINRIL;1,280000000;Kos Sendiri;Kos/Asrama
UINRIL;5,520000000;Rumah Pribadi/Rumah Keluarga;Rumah Keluarga/Pribadi
UINRIL;9,220000000;Rumah Pribadi/Rumah Keluarga;Rumah Keluarga/Pribadi
UINRIL;6,160000000;Rumah Pribadi/Rumah Keluarga;Rumah Keluarga/Pribadi
UINRIL;5,740000000;Rumah Pribadi/Rumah Keluarga;Rumah Keluarga/Pribadi
UINRIL;7,820000000;Rumah Pribadi/Rumah Keluarga;Rumah Keluarga/Pribadi
UINRIL;2,710000000;Kos Sendiri;Kos/Asrama
UINRIL;1,140000000;Kos Sendiri;Kos/Asrama
UINRIL;0,840000000;Rumah Bersama Saudara;Rumah Keluarga/Pribadi
UINRIL;1,400000000;Kos Sendiri;Kos/Asrama
UINRIL;7,990000000;Rumah Pribadi/Rumah Keluarga;Rumah Keluarga/Pribadi
UINRIL;1,130000000;Rumah Pribadi/Rumah Keluarga;Rumah Keluarga/Pribadi
UINRIL;2,130000000;Rumah Mengontrak Bersama-sama;Rumah Keluarga/Pribadi
UINRIL;3,860000000;Rumah Pribadi/Rumah Keluarga;Rumah Keluarga/Pribadi
UINRIL;3,170000000;Kos Sendiri;Kos/Asrama
UINRIL;6,340000000;Rumah Mengontrak Bersama-sama;Rumah Keluarga/Pribadi
UINRIL;1,760000000;Rumah Pribadi/Rumah Keluarga;Rumah Keluarga/Pribadi
UINRIL;3,030000000;Rumah Pribadi/Rumah Keluarga;Rumah Keluarga/Pribadi
UINRIL;4,120000000;Rumah Mengontrak Bersama-sama;Rumah Keluarga/Pribadi
UINRIL;5,500000000;Kos Sendiri;Kos/Asrama
UINRIL;0,900000000;Rumah Pribadi/Rumah Keluarga;Rumah Keluarga/Pribadi
UINRIL;2,120000000;Kos Sendiri;Kos/Asrama
UINRIL;1,870000000;Kos Sendiri;Kos/Asrama
UINRIL;1,430000000;Rumah Pribadi/Rumah Keluarga;Rumah Keluarga/Pribadi
UINRIL;0,280000000;Rumah Pribadi/Rumah Keluarga;Rumah Keluarga/Pribadi
UINRIL;5,550000000;Rumah Pribadi/Rumah Keluarga;Rumah Keluarga/Pribadi
UINRIL;5,830000000;Kos Sendiri;Kos/Asrama
UINRIL;1,130000000;Kos Sendiri;Kos/Asrama
UINRIL;3,150000000;Rumah Mengontrak Bersama-sama;Rumah Keluarga/Pribadi
UINRIL;1,100000000;Kos Sendiri;Kos/Asrama
UINRIL;5,710000000;Kos Bersama-sama;Kos/Asrama
UINRIL;0,620000000;Rumah Pribadi/Rumah Keluarga;Rumah Keluarga/Pribadi
UINRIL;0,560000000;Kos Sendiri;Kos/Asrama
UINRIL;0,390000000;Kos Sendiri;Kos/Asrama
UINRIL;0,550000000;Kos Sendiri;Kos/Asrama
UINRIL;0,280000000;Kos Sendiri;Kos/Asrama
UINRIL;29,260000000;Rumah Pribadi/Rumah Keluarga;Rumah Keluarga/Pribadi
UINRIL;16,170000000;Rumah Pribadi/Rumah Keluarga;Rumah Keluarga/Pribadi
UINRIL;34,730000000;Rumah Pribadi/Rumah Keluarga;Rumah Keluarga/Pribadi
UINRIL;0,770000000;Kos Sendiri;Kos/Asrama
UINRIL;0,870000000;Rumah Pribadi/Rumah Keluarga;Rumah Keluarga/Pribadi
UINRIL;1,370000000;Kos Sendiri;Kos/Asrama
UINRIL;1,400000000;Kos Sendiri;Kos/Asrama
UINRIL;1,650000000;Rumah Pribadi/Rumah Keluarga;Rumah Keluarga/Pribadi
UINRIL;0,420000000;Kos Sendiri;Kos/Asrama
UINRIL;1,290000000;Kos Sendiri;Kos/Asrama
UINRIL;0,830000000;Kos Sendiri;Kos/Asrama
UINRIL;2,120000000;Kos Bersama-sama;Kos/Asrama
UINRIL;1,750000000;Rumah Pribadi/Rumah Keluarga;Rumah Keluarga/Pribadi
UINRIL;2,410000000;Kos Sendiri;Kos/Asrama
UINRIL;2,130000000;Rumah Pribadi/Rumah Keluarga;Rumah Keluarga/Pribadi
UINRIL;2,220000000;Kos Sendiri;Kos/Asrama
UINRIL;5,200000000;Rumah Pribadi/Rumah Keluarga;Rumah Keluarga/Pribadi
UINRIL;5,040000000;Rumah Pribadi/Rumah Keluarga;Rumah Keluarga/Pribadi
UINRIL;1,610000000;Rumah Bersama Saudara;Rumah Keluarga/Pribadi
UINRIL;3,860000000;Rumah Pribadi/Rumah Keluarga;Rumah Keluarga/Pribadi
UINRIL;1,020000000;Rumah Mengontrak Bersama-sama;Rumah Keluarga/Pribadi
UINRIL;0,550000000;Kos Sendiri;Kos/Asrama
UINRIL;0,970000000;Kos Sendiri;Kos/Asrama
UINRIL;0,950000000;Kos Sendiri;Kos/Asrama
UINRIL;7,930000000;Rumah Pribadi/Rumah Keluarga;Rumah Keluarga/Pribadi
UINRIL;1,500000000;Rumah Pribadi/Rumah Keluarga;Rumah Keluarga/Pribadi
UINRIL;1,150000000;Kos Sendiri;Kos/Asrama
UINRIL;3,060000000;Rumah Mengontrak Bersama-sama;Rumah Keluarga/Pribadi
UINRIL;1,840000000;Kos Sendiri;Kos/Asrama
UINRIL;2,140000000;Kos Sendiri;Kos/Asrama
UINRIL;2,140000000;Rumah Mengontrak Bersama-sama;Rumah Keluarga/Pribadi
UINRIL;2,550000000;Kos Sendiri;Kos/Asrama
UINRIL;3,380000000;Rumah Mengontrak Bersama-sama;Rumah Keluarga/Pribadi
UINRIL;2,440000000;Kos Sendiri;Kos/Asrama
UINRIL;3,170000000;Kos Sendiri;Kos/Asrama
UINRIL;2,930000000;Kos Sendiri;Kos/Asrama
UINRIL;5,790000000;Rumah Pribadi/Rumah Keluarga;Rumah Keluarga/Pribadi
UINRIL;2,660000000;Rumah Mengontrak Bersama-sama;Rumah Keluarga/Pribadi
UINRIL;2,660000000;Rumah Mengontrak Bersama-sama;Rumah Keluarga/Pribadi
UINRIL;5,600000000;Kos Sendiri;Kos/Asrama
UINRIL;2,270000000;Kos Sendiri;Kos/Asrama
UINRIL;8,700000000;Rumah Pribadi/Rumah Keluarga;Rumah Keluarga/Pribadi
UINRIL;3,380000000;Kos Sendiri;Kos/Asrama
UINRIL;1,950000000;Kos Sendiri;Kos/Asrama
UINRIL;1,040000000;Kos Bersama-sama;Kos/Asrama
UINRIL;8,030000000;Rumah Pribadi/Rumah Keluarga;Rumah Keluarga/Pribadi
UINRIL;5,900000000;Rumah Pribadi/Rumah Keluarga;Rumah Keluarga/Pribadi
UINRIL;25,710000000;Rumah Pribadi/Rumah Keluarga;Rumah Keluarga/Pribadi
UINRIL;4,170000000;Rumah Pribadi/Rumah Keluarga;Rumah Keluarga/Pribadi
UINRIL;1,130000000;Rumah Pribadi/Rumah Keluarga;Rumah Keluarga/Pribadi
UINRIL;1,180000000;Kos Sendiri;Kos/Asrama
UINRIL;0,280000000;Rumah Pribadi/Rumah Keluarga;Rumah Keluarga/Pribadi
UINRIL;0,430000000;Kos Bersama-sama;Kos/Asrama
UINRIL;0,430000000;Kos Bersama-sama;Kos/Asrama
UINRIL;0,280000000;Kos Bersama-sama;Kos/Asrama
UINRIL;0,280000000;Kos Bersama-sama;Kos/Asrama
UINRIL;0,460000000;Kos Bersama-sama;Kos/Asrama
UINRIL;1,040000000;Kos Sendiri;Kos/Asrama
UINRIL;2,590000000;Rumah Pribadi/Rumah Keluarga;Rumah Keluarga/Pribadi
UINRIL;1,160000000;Kos Bersama-sama;Kos/Asrama
UINRIL;3,930000000;Rumah Mengontrak Bersama-sama;Rumah Keluarga/Pribadi
UINRIL;8,090000000;Rumah Pribadi/Rumah Keluarga;Rumah Keluarga/Pribadi
UINRIL;3,960000000;Kos Sendiri;Kos/Asrama
UINRIL;4,310000000;Rumah Bersama Saudara;Rumah Keluarga/Pribadi
UINRIL;9,650000000;Rumah Pribadi/Rumah Keluarga;Rumah Keluarga/Pribadi
UINRIL;6,070000000;Rumah Pribadi/Rumah Keluarga;Rumah Keluarga/Pribadi
UINRIL;2,320000000;Rumah Mengontrak Bersama-sama;Rumah Keluarga/Pribadi
UINRIL;3,320000000;Kos Sendiri;Kos/Asrama
UINRIL;2,260000000;Rumah Mengontrak Bersama-sama;Rumah Keluarga/Pribadi
UINRIL;6,720000000;Rumah Pribadi/Rumah Keluarga;Rumah Keluarga/Pribadi
UINRIL;5,080000000;Rumah Pribadi/Rumah Keluarga;Rumah Keluarga/Pribadi
UINRIL;3,380000000;Kos Bersama-sama;Kos/Asrama
UINRIL;3,870000000;Rumah Bersama Saudara;Rumah Keluarga/Pribadi
UINRIL;2,630000000;Rumah Bersama Saudara;Rumah Keluarga/Pribadi
UINRIL;2,420000000;Rumah Pribadi/Rumah Keluarga;Rumah Keluarga/Pribadi
UINRIL;2,200000000;Kos Sendiri;Kos/Asrama
UINRIL;1,960000000;Kos Sendiri;Kos/Asrama
UINRIL;2,340000000;Kos Sendiri;Kos/Asrama
UINRIL;1,470000000;Rumah Mengontrak Bersama-sama;Rumah Keluarga/Pribadi
UINRIL;3,990000000;Rumah Mengontrak Bersama-sama;Rumah Keluarga/Pribadi
UINRIL;3,870000000;Rumah Mengontrak Bersama-sama;Rumah Keluarga/Pribadi
UINRIL;0,840000000;Rumah Mengontrak Bersama-sama;Rumah Keluarga/Pribadi
UINRIL;2,600000000;Rumah Mengontrak Bersama-sama;Rumah Keluarga/Pribadi
UINRIL;3,240000000;Kos Sendiri;Kos/Asrama
UINRIL;0,870000000;Kos Sendiri;Kos/Asrama
UINRIL;1,420000000;Rumah Mengontrak Bersama-sama;Rumah Keluarga/Pribadi
UINRIL;2,080000000;Rumah Pribadi/Rumah Keluarga;Rumah Keluarga/Pribadi
UINRIL;1,720000000;Kos Sendiri;Kos/Asrama
UINRIL;4,010000000;Rumah Mengontrak Bersama-sama;Rumah Keluarga/Pribadi
UINRIL;3,380000000;Kos Sendiri;Kos/Asrama
UINRIL;2,100000000;Rumah Pribadi/Rumah Keluarga;Rumah Keluarga/Pribadi
UINRIL;3,190000000;Kos Sendiri;Kos/Asrama
UINRIL;1,560000000;Rumah Mengontrak Bersama-sama;Rumah Keluarga/Pribadi
UINRIL;3,130000000;Kos Sendiri;Kos/Asrama
UINRIL;1,380000000;Rumah Mengontrak Bersama-sama;Rumah Keluarga/Pribadi
UINRIL;1,380000000;Rumah Mengontrak Bersama-sama;Rumah Keluarga/Pribadi
UINRIL;2,220000000;Kos Sendiri;Kos/Asrama
UINRIL;2,220000000;Kos Sendiri;Kos/Asrama
UINRIL;3,960000000;Rumah Mengontrak Bersama-sama;Rumah Keluarga/Pribadi
UINRIL;1,360000000;Kos Sendiri;Kos/Asrama
UINRIL;5,470000000;Rumah Pribadi/Rumah Keluarga;Rumah Keluarga/Pribadi
UINRIL;3,000000000;Rumah Pribadi/Rumah Keluarga;Rumah Keluarga/Pribadi
UINRIL;3,870000000;Rumah Mengontrak Bersama-sama;Rumah Keluarga/Pribadi
UINRIL;4,170000000;Rumah Mengontrak Bersama-sama;Rumah Keluarga/Pribadi
UINRIL;1,500000000;Kos Sendiri;Kos/Asrama
UINRIL;3,860000000;Rumah Pribadi/Rumah Keluarga;Rumah Keluarga/Pribadi
UINRIL;1,500000000;Rumah Mengontrak Bersama-sama;Rumah Keluarga/Pribadi
UINRIL;3,650000000;Kos Sendiri;Kos/Asrama
UINRIL;1,500000000;Rumah Mengontrak Bersama-sama;Rumah Keluarga/Pribadi
UINRIL;2,810000000;Rumah Mengontrak Bersama-sama;Rumah Keluarga/Pribadi
UINRIL;1,260000000;Kos Sendiri;Kos/Asrama
UINRIL;1,930000000;Kos Sendiri;Kos/Asrama
UINRIL;0,830000000;Kos Sendiri;Kos/Asrama
UINRIL;0,860000000;Rumah Mengontrak Bersama-sama;Rumah Keluarga/Pribadi
UINRIL;3,060000000;Kos Sendiri;Kos/Asrama
UINRIL;3,170000000;Kos Sendiri;Kos/Asrama
UINRIL;2,930000000;Kos Sendiri;Kos/Asrama
UINRIL;1,960000000;Kos Sendiri;Kos/Asrama
UINRIL;2,460000000;Rumah Mengontrak Bersama-sama;Rumah Keluarga/Pribadi
UINRIL;0,770000000;Rumah Mengontrak Bersama-sama;Rumah Keluarga/Pribadi
UINRIL;2,390000000;Kos Sendiri;Kos/Asrama
UINRIL;2,310000000;Rumah Pribadi/Rumah Keluarga;Rumah Keluarga/Pribadi
UINRIL;0,960000000;Kos Sendiri;Kos/Asrama
UINRIL;1,300000000;Rumah Mengontrak Bersama-sama;Rumah Keluarga/Pribadi
UINRIL;1,230000000;Kos Sendiri;Kos/Asrama
UINRIL;0,550000000;Rumah Mengontrak Bersama-sama;Rumah Keluarga/Pribadi
UINRIL;0,550000000;Rumah Mengontrak Bersama-sama;Rumah Keluarga/Pribadi
UINRIL;0,550000000;Rumah Mengontrak Bersama-sama;Rumah Keluarga/Pribadi
UINRIL;0,570000000;Kos Sendiri;Kos/Asrama
UINRIL;1,050000000;Rumah Pribadi/Rumah Keluarga;Rumah Keluarga/Pribadi
UINRIL;1,930000000;Rumah Pribadi/Rumah Keluarga;Rumah Keluarga/Pribadi
UINRIL;2,080000000;Kos Sendiri;Kos/Asrama
UINRIL;0,560000000;Rumah Pribadi/Rumah Keluarga;Rumah Keluarga/Pribadi
UINRIL;1,840000000;Kos Sendiri;Kos/Asrama
UINRIL;1,410000000;Kos Sendiri;Kos/Asrama
UINRIL;1,030000000;Rumah Mengontrak Bersama-sama;Rumah Keluarga/Pribadi
UINRIL;1,820000000;Kos Sendiri;Kos/Asrama
UINRIL;1,830000000;Rumah Mengontrak Bersama-sama;Rumah Keluarga/Pribadi
UINRIL;0,280000000;Kos Sendiri;Kos/Asrama
UINRIL;5,590000000;Rumah Pribadi/Rumah Keluarga;Rumah Keluarga/Pribadi
UINRIL;4,500000000;Rumah Pribadi/Rumah Keluarga;Rumah Keluarga/Pribadi
UINRIL;1,290000000;Rumah Mengontrak Bersama-sama;Rumah Keluarga/Pribadi
UINRIL;6,620000000;Rumah Pribadi/Rumah Keluarga;Rumah Keluarga/Pribadi
UINRIL;2,270000000;Kos Sendiri;Kos/Asrama
UINRIL;1,140000000;Kos Sendiri;Kos/Asrama
UINRIL;1,510000000;Kos Sendiri;Kos/Asrama
UINRIL;1,020000000;Rumah Mengontrak Bersama-sama;Rumah Keluarga/Pribadi
UINRIL;4,320000000;Rumah Bersama Saudara;Rumah Keluarga/Pribadi
UINRIL;7,980000000;Rumah Pribadi/Rumah Keluarga;Rumah Keluarga/Pribadi
UINRIL;2,270000000;Kos Sendiri;Kos/Asrama
UINRIL;3,240000000;Rumah Pribadi/Rumah Keluarga;Rumah Keluarga/Pribadi
UINRIL;2,260000000;Rumah Pribadi/Rumah Keluarga;Rumah Keluarga/Pribadi
UINRIL;3,740000000;Rumah Pribadi/Rumah Keluarga;Rumah Keluarga/Pribadi
UINRIL;2,080000000;Rumah Pribadi/Rumah Keluarga;Rumah Keluarga/Pribadi
UINRIL;9,550000000;Rumah Pribadi/Rumah Keluarga;Rumah Keluarga/Pribadi
UINRIL;2,460000000;Kos Sendiri;Kos/Asrama
UINRIL;2,900000000;Kos Sendiri;Kos/Asrama
UINRIL;2,350000000;Kos Sendiri;Kos/Asrama
UINRIL;7,630000000;Rumah Mengontrak Bersama-sama;Rumah Keluarga/Pribadi
UINRIL;4,360000000;Kos Sendiri;Kos/Asrama
UINRIL;2,130000000;Rumah Mengontrak Bersama-sama;Rumah Keluarga/Pribadi
UINRIL;0,830000000;Kos Sendiri;Kos/Asrama
UINRIL;4,260000000;Rumah Pribadi/Rumah Keluarga;Rumah Keluarga/Pribadi
UINRIL;1,840000000;Kos Sendiri;Kos/Asrama
UINRIL;1,480000000;Rumah Mengontrak Bersama-sama;Rumah Keluarga/Pribadi
UINRIL;2,260000000;Kos Sendiri;Kos/Asrama
UINRIL;2,510000000;Rumah Pribadi/Rumah Keluarga;Rumah Keluarga/Pribadi
UINRIL;1,640000000;Rumah Mengontrak Bersama-sama;Rumah Keluarga/Pribadi
UINRIL;4,500000000;Rumah Pribadi/Rumah Keluarga;Rumah Keluarga/Pribadi
UINRIL;0,870000000;Kos Sendiri;Kos/Asrama
UINRIL;0,770000000;Rumah Mengontrak Bersama-sama;Rumah Keluarga/Pribadi
UINRIL;3,950000000;Kos Sendiri;Kos/Asrama
UINRIL;5,890000000;Rumah Pribadi/Rumah Keluarga;Rumah Keluarga/Pribadi
UINRIL;8,400000000;Rumah Pribadi/Rumah Keluarga;Rumah Keluarga/Pribadi
UINRIL;7,110000000;Rumah Pribadi/Rumah Keluarga;Rumah Keluarga/Pribadi
UINRIL;2,440000000;Kos Sendiri;Kos/Asrama
UINRIL;1,350000000;Rumah Pribadi/Rumah Keluarga;Rumah Keluarga/Pribadi
UINRIL;1,410000000;Kos Sendiri;Kos/Asrama
UINRIL;5,660000000;Rumah Pribadi/Rumah Keluarga;Rumah Keluarga/Pribadi
UINRIL;1,920000000;Kos Sendiri;Kos/Asrama
UINRIL;4,290000000;Rumah Pribadi/Rumah Keluarga;Rumah Keluarga/Pribadi
UINRIL;5,890000000;Rumah Pribadi/Rumah Keluarga;Rumah Keluarga/Pribadi
UINRIL;4,660000000;Rumah Bersama Saudara;Rumah Keluarga/Pribadi
UINRIL;6,670000000;Rumah Pribadi/Rumah Keluarga;Rumah Keluarga/Pribadi
UINRIL;0,550000000;Kos Sendiri;Kos/Asrama
UINRIL;3,770000000;Rumah Bersama Saudara;Rumah Keluarga/Pribadi
UINRIL;7,180000000;Rumah Bersama Saudara;Rumah Keluarga/Pribadi
UINRIL;1,370000000;Rumah Bersama Saudara;Rumah Keluarga/Pribadi
UINRIL;2,270000000;Kos Sendiri;Kos/Asrama
UINRIL;2,060000000;Kos Sendiri;Kos/Asrama
UINRIL;2,140000000;Rumah Mengontrak Bersama-sama;Rumah Keluarga/Pribadi
UINRIL;2,130000000;Kos Sendiri;Kos/Asrama
UINRIL;0,530000000;Kos Sendiri;Kos/Asrama
UINRIL;4,150000000;Rumah Pribadi/Rumah Keluarga;Rumah Keluarga/Pribadi
UINRIL;6,430000000;Rumah Bersama Saudara;Rumah Keluarga/Pribadi
UINRIL;2,340000000;Rumah Bersama Saudara;Rumah Keluarga/Pribadi
UINRIL;2,230000000;Rumah Mengontrak Bersama-sama;Rumah Keluarga/Pribadi
UINRIL;1,130000000;Rumah Mengontrak Bersama-sama;Rumah Keluarga/Pribadi
UINRIL;1,390000000;Rumah Pribadi/Rumah Keluarga;Rumah Keluarga/Pribadi
UINRIL;1,270000000;Rumah Bersama Saudara;Rumah Keluarga/Pribadi
UINRIL;2,130000000;Kos Sendiri;Kos/Asrama
UINRIL;2,930000000;Rumah Mengontrak Pribadi;Rumah Keluarga/Pribadi
UINRIL;1,740000000;Kos Sendiri;Kos/Asrama
UINRIL;1,190000000;Rumah Pribadi/Rumah Keluarga;Rumah Keluarga/Pribadi
UINRIL;1,840000000;Kos Sendiri;Kos/Asrama
UINRIL;1,580000000;Rumah Bersama Saudara;Rumah Keluarga/Pribadi
UINRIL;2,270000000;Rumah Pribadi/Rumah Keluarga;Rumah Keluarga/Pribadi
UINRIL;1,310000000;Kos Sendiri;Kos/Asrama
UINRIL;1,830000000;Rumah Mengontrak Bersama-sama;Rumah Keluarga/Pribadi
UINRIL;2,500000000;Kos Bersama-sama;Kos/Asrama
UINRIL;2,500000000;Kos Bersama-sama;Kos/Asrama
UINRIL;4,040000000;Rumah Pribadi/Rumah Keluarga;Rumah Keluarga/Pribadi
UINRIL;1,290000000;Kos Sendiri;Kos/Asrama
UINRIL;4,420000000;Rumah Mengontrak Bersama-sama;Rumah Keluarga/Pribadi
UINRIL;1,380000000;Kos Sendiri;Kos/Asrama
UINRIL;2,540000000;Rumah Mengontrak Bersama-sama;Rumah Keluarga/Pribadi
UINRIL;0,570000000;Rumah Mengontrak Bersama-sama;Rumah Keluarga/Pribadi
UBL;4,223796708;Rumah pribadi/rumah keluarga;Rumah Keluarga/Pribadi
UBL;2,703330966;Rumah pribadi/rumah keluarga;Rumah Keluarga/Pribadi
UBL;3,237072250;Rumah pribadi/rumah keluarga;Rumah Keluarga/Pribadi
UBL;3,002336208;Rumah pribadi/rumah keluarga;Rumah Keluarga/Pribadi
UBL;5,961924973;Rumah pribadi/rumah keluarga;Rumah Keluarga/Pribadi
UBL;2,925330624;Rumah pribadi/rumah keluarga;Rumah Keluarga/Pribadi
UBL;2,058829403;Rumah pribadi/rumah keluarga;Rumah Keluarga/Pribadi
UBL;12,007870870;Rumah pribadi/rumah keluarga;Rumah Keluarga/Pribadi
UBL;4,735578254;Rumah pribadi/rumah keluarga;Rumah Keluarga/Pribadi
UBL;6,741307357;Rumah pribadi/rumah keluarga;Rumah Keluarga/Pribadi
UBL;2,423931439;Rumah mengontrak pribadi;Rumah Keluarga/Pribadi
UBL;2,411815956;Rumah mengontrak bersama-sama;Rumah Keluarga/Pribadi
UBL;2,778746676;Rumah mengontrak pribadi;Rumah Keluarga/Pribadi
UBL;12,777721100;Rumah pribadi/rumah keluarga;Rumah Keluarga/Pribadi
UBL;2,411815956;Rumah mengontrak pribadi;Rumah Keluarga/Pribadi
UBL;0,781954445;Kos Sendiri;Kos/Asrama
UBL;0,323106549;Kos Sendiri;Kos/Asrama
UBL;1,911035836;Kos bersama-sama;Kos/Asrama
UBL;6,890955751;Rumah bersama saudara;Rumah Keluarga/Pribadi
UBL;0,109226291;Kos Sendiri;Kos/Asrama
UBL;43,545192240;Kos bersama-sama;Kos/Asrama
UBL;1,965350967;Kos bersama-sama;Kos/Asrama
UBL;1,965350967;Kos Sendiri;Kos/Asrama
UBL;2,507898780;Kos bersama-sama;Kos/Asrama
UBL;3,753355386;Rumah pribadi/rumah keluarga;Rumah Keluarga/Pribadi
UBL;30,527213760;Asrama;Kos/Asrama
UBL;2,507898780;Kos bersama-sama;Kos/Asrama
UBL;0,298610794;Kos Sendiri;Kos/Asrama
UBL;3,020480868;Rumah pribadi/rumah keluarga;Rumah Keluarga/Pribadi
UBL;1,251715141;Rumah pribadi/rumah keluarga;Rumah Keluarga/Pribadi
UBL;0,329986236;Kos Sendiri;Kos/Asrama
UBL;1,778415823;Rumah pribadi/rumah keluarga;Rumah Keluarga/Pribadi
UBL;3,237072250;Rumah pribadi/rumah keluarga;Rumah Keluarga/Pribadi
UBL;2,140891514;Rumah pribadi/rumah keluarga;Rumah Keluarga/Pribadi
UBL;5,296755213;Rumah pribadi/rumah keluarga;Rumah Keluarga/Pribadi
UBL;7,203383432;Rumah pribadi/rumah keluarga;Rumah Keluarga/Pribadi
UBL;5,654532615;Rumah pribadi/rumah keluarga;Rumah Keluarga/Pribadi
UBL;24,021121050;Rumah pribadi/rumah keluarga;Rumah Keluarga/Pribadi
UBL;4,235240115;Rumah pribadi/rumah keluarga;Rumah Keluarga/Pribadi
UBL;6,300977797;Rumah pribadi/rumah keluarga;Rumah Keluarga/Pribadi
UBL;3,094405170;Rumah pribadi/rumah keluarga;Rumah Keluarga/Pribadi
UBL;0,282353404;Kos Sendiri;Kos/Asrama
UBL;24,021121050;Kos Sendiri;Kos/Asrama
UBL;0,421196876;Kos Sendiri;Kos/Asrama
UBL;0,421196876;Kos bersama-sama;Kos/Asrama
UBL;1,977390761;Kos Sendiri;Kos/Asrama
UBL;3,237072250;Rumah pribadi/rumah keluarga;Rumah Keluarga/Pribadi
UBL;5,854269746;Rumah pribadi/rumah keluarga;Rumah Keluarga/Pribadi
UBL;0,974907821;Rumah pribadi/rumah keluarga;Rumah Keluarga/Pribadi
UBL;5,497992055;Rumah pribadi/rumah keluarga;Rumah Keluarga/Pribadi
UBL;5,806230387;Rumah pribadi/rumah keluarga;Rumah Keluarga/Pribadi
UBL;2,507898780;Kos bersama-sama;Kos/Asrama
UBL;4,214066217;Rumah pribadi/rumah keluarga;Rumah Keluarga/Pribadi
UBL;0,201040238;Kos Sendiri;Kos/Asrama
UBL;1,352126611;Rumah pribadi/rumah keluarga;Rumah Keluarga/Pribadi
UBL;0,427721659;Rumah pribadi/rumah keluarga;Rumah Keluarga/Pribadi
UBL;5,441067808;Rumah pribadi/rumah keluarga;Rumah Keluarga/Pribadi
UBL;1,311269222;Rumah pribadi/rumah keluarga;Rumah Keluarga/Pribadi
UBL;1,311269222;Kos Sendiri;Kos/Asrama
UBL;1,311269222;Kos bersama-sama;Kos/Asrama
UBL;0,063516761;Kos Sendiri;Kos/Asrama
UBL;0,063516761;Rumah mengontrak bersama-sama;Rumah Keluarga/Pribadi
UBL;1,311269222;Kos Sendiri;Kos/Asrama
UBL;1,192204482;Rumah bersama saudara;Rumah Keluarga/Pribadi
UBL;4,894188544;Rumah pribadi/rumah keluarga;Rumah Keluarga/Pribadi
UBL;0,177691507;Kos Sendiri;Kos/Asrama
UBL;5,050923037;Rumah bersama saudara;Rumah Keluarga/Pribadi
UBL;1,311269222;Kos bersama-sama;Kos/Asrama
UBL;1,311269222;Rumah mengontrak bersama-sama;Rumah Keluarga/Pribadi
UBL;1,311269222;Rumah pribadi/rumah keluarga;Rumah Keluarga/Pribadi
UBL;0,063516761;Kos Sendiri;Kos/Asrama
UBL;13,656064120;Rumah pribadi/rumah keluarga;Rumah Keluarga/Pribadi
UBL;1,311269222;Kos Sendiri;Kos/Asrama
UBL;1,311269222;Kos Sendiri;Kos/Asrama
UBL;13,656064120;Rumah bersama saudara;Rumah Keluarga/Pribadi
UBL;4,774000085;Rumah bersama saudara;Rumah Keluarga/Pribadi
UBL;0,421196876;Kos Sendiri;Kos/Asrama
UBL;3,735501627;Rumah pribadi/rumah keluarga;Rumah Keluarga/Pribadi
UBL;1,311269222;Kos Sendiri;Kos/Asrama
UBL;0,124797619;Kos bersama-sama;Kos/Asrama
UBL;5,413658404;Rumah bersama saudara;Rumah Keluarga/Pribadi
UBL;0,201040238;Kos Sendiri;Kos/Asrama
UBL;0,201040238;Kos Sendiri;Kos/Asrama
UBL;1,311269222;Kos bersama-sama;Kos/Asrama
UBL;1,311269222;Rumah pribadi/rumah keluarga;Rumah Keluarga/Pribadi
UBL;0,177691507;Rumah mengontrak bersama-sama;Rumah Keluarga/Pribadi
UBL;1,977390761;Kos Sendiri;Kos/Asrama
UBL;5,442073889;Rumah pribadi/rumah keluarga;Rumah Keluarga/Pribadi
UBL;1,311269222;Kos bersama-sama;Kos/Asrama
UBL;0,063516761;Kos Sendiri;Kos/Asrama
UBL;1,311269222;Kos bersama-sama;Kos/Asrama
UBL;1,311269222;Kos Sendiri;Kos/Asrama
UBL;0,124797619;Kos Sendiri;Kos/Asrama
UBL;4,774000085;Rumah pribadi/rumah keluarga;Rumah Keluarga/Pribadi
UBL;1,311269222;Kos Sendiri;Kos/Asrama
UBL;1,311269222;Rumah mengontrak bersama-sama;Rumah Keluarga/Pribadi
UBL;1,311269222;Rumah mengontrak bersama-sama;Rumah Keluarga/Pribadi
UBL;1,311269222;Kos bersama-sama;Kos/Asrama
UBL;4,774000085;Kos bersama-sama;Kos/Asrama
UBL;0,201040238;Kos Sendiri;Kos/Asrama
UBL;1,119503077;Kos Sendiri;Kos/Asrama
UBL;1,311269222;Kos Sendiri;Kos/Asrama
UBL;1,311269222;Rumah mengontrak bersama-sama;Rumah Keluarga/Pribadi
UBL;0,201040238;Rumah pribadi/rumah keluarga;Rumah Keluarga/Pribadi
UBL;4,146537741;Rumah pribadi/rumah keluarga;Rumah Keluarga/Pribadi
UBL;5,446244425;Rumah mengontrak bersama-sama;Rumah Keluarga/Pribadi
UBL;3,491807940;Rumah pribadi/rumah keluarga;Rumah Keluarga/Pribadi
UBL;1,192204482;Rumah pribadi/rumah keluarga;Rumah Keluarga/Pribadi
UBL;4,774000085;Kos Sendiri;Kos/Asrama
UBL;0,255963698;Kos Sendiri;Kos/Asrama
UBL;1,326497120;Kos Sendiri;Kos/Asrama
UBL;2,305694563;Rumah pribadi/rumah keluarga;Rumah Keluarga/Pribadi
UBL;4,774000085;Kos Sendiri;Kos/Asrama
UBL;3,245569841;Rumah bersama saudara;Rumah Keluarga/Pribadi
UBL;4,146537741;Rumah pribadi/rumah keluarga;Rumah Keluarga/Pribadi
UBL;13,656064120;Rumah bersama saudara;Rumah Keluarga/Pribadi
UBL;5,446244425;Rumah bersama saudara;Rumah Keluarga/Pribadi
UBL;1,326497120;Kos bersama-sama;Kos/Asrama
UBL;1,326497120;Kos Sendiri;Kos/Asrama
UBL;1,311269222;Kos Sendiri;Kos/Asrama
UBL;0,063516761;Rumah pribadi/rumah keluarga;Rumah Keluarga/Pribadi
UBL;1,311269222;Kos bersama-sama;Kos/Asrama
UBL;1,311269222;Rumah pribadi/rumah keluarga;Rumah Keluarga/Pribadi
UBL;1,311269222;Kos Sendiri;Kos/Asrama
UBL;1,311269222;Kos Sendiri;Kos/Asrama
UBL;0,201040238;Kos Sendiri;Kos/Asrama
UBL;1,311269222;Kos Sendiri;Kos/Asrama
UBL;0,177691507;Kos Sendiri;Kos/Asrama
UBL;1,403512480;Rumah mengontrak bersama-sama;Rumah Keluarga/Pribadi
UBL;1,403512480;Rumah bersama saudara;Rumah Keluarga/Pribadi
UBL;2,660432820;Rumah pribadi/rumah keluarga;Rumah Keluarga/Pribadi
UBL;1,311269222;Kos Sendiri;Kos/Asrama
UBL;0,063516761;Kos Sendiri;Kos/Asrama
UBL;0,421196876;Kos Sendiri;Kos/Asrama
UBL;0,421196876;Kos Sendiri;Kos/Asrama
UBL;3,113390082;Rumah pribadi/rumah keluarga;Rumah Keluarga/Pribadi
UBL;0,538388106;Rumah pribadi/rumah keluarga;Rumah Keluarga/Pribadi
UBL;5,901827760;Rumah pribadi/rumah keluarga;Rumah Keluarga/Pribadi
UBL;3,685624060;Rumah pribadi/rumah keluarga;Rumah Keluarga/Pribadi
UBL;0,421196876;Kos Sendiri;Kos/Asrama
UBL;0,421196876;Kos Sendiri;Kos/Asrama
UBL;4,600882039;Rumah pribadi/rumah keluarga;Rumah Keluarga/Pribadi
UBL;5,805578310;Rumah pribadi/rumah keluarga;Rumah Keluarga/Pribadi
UBL;5,830706844;Rumah pribadi/rumah keluarga;Rumah Keluarga/Pribadi
UBL;1,869401204;Rumah bersama saudara;Rumah Keluarga/Pribadi
UBL;2,778233290;Rumah pribadi/rumah keluarga;Rumah Keluarga/Pribadi
UBL;5,287495261;Rumah pribadi/rumah keluarga;Rumah Keluarga/Pribadi
UBL;5,010516877;Rumah pribadi/rumah keluarga;Rumah Keluarga/Pribadi
UBL;5,691310386;Rumah pribadi/rumah keluarga;Rumah Keluarga/Pribadi
UBL;4,694593328;Rumah pribadi/rumah keluarga;Rumah Keluarga/Pribadi
UBL;2,343635470;Rumah mengontrak pribadi;Rumah Keluarga/Pribadi
UBL;3,713260276;Rumah pribadi/rumah keluarga;Rumah Keluarga/Pribadi
UBL;2,104897060;Rumah pribadi/rumah keluarga;Rumah Keluarga/Pribadi
UBL;5,419349128;Rumah pribadi/rumah keluarga;Rumah Keluarga/Pribadi
UBL;5,036051991;Rumah bersama saudara;Rumah Keluarga/Pribadi
UBL;4,621219680;Rumah pribadi/rumah keluarga;Rumah Keluarga/Pribadi
UBL;3,315212938;Rumah pribadi/rumah keluarga;Rumah Keluarga/Pribadi
UBL;1,167968934;Rumah pribadi/rumah keluarga;Rumah Keluarga/Pribadi
UBL;3,096248512;Rumah pribadi/rumah keluarga;Rumah Keluarga/Pribadi
UBL;4,020414980;Rumah pribadi/rumah keluarga;Rumah Keluarga/Pribadi
UBL;3,354913126;Rumah pribadi/rumah keluarga;Rumah Keluarga/Pribadi
UBL;3,222855553;Rumah pribadi/rumah keluarga;Rumah Keluarga/Pribadi
UBL;0,421196876;Kos Sendiri;Kos/Asrama
UBL;4,518402700;Rumah pribadi/rumah keluarga;Rumah Keluarga/Pribadi
UBL;3,548537218;Rumah pribadi/rumah keluarga;Rumah Keluarga/Pribadi
UBL;4,290278301;Rumah pribadi/rumah keluarga;Rumah Keluarga/Pribadi
UBL;2,364386957;Rumah pribadi/rumah keluarga;Rumah Keluarga/Pribadi
UBL;2,690369606;Rumah pribadi/rumah keluarga;Rumah Keluarga/Pribadi
UBL;2,520245882;Rumah pribadi/rumah keluarga;Rumah Keluarga/Pribadi
UBL;2,902969287;Rumah pribadi/rumah keluarga;Rumah Keluarga/Pribadi
UBL;2,530244341;Rumah pribadi/rumah keluarga;Rumah Keluarga/Pribadi
UBL;2,237315918;Rumah pribadi/rumah keluarga;Rumah Keluarga/Pribadi
UBL;2,190541521;Rumah pribadi/rumah keluarga;Rumah Keluarga/Pribadi
UBL;4,315786471;Rumah mengontrak pribadi;Rumah Keluarga/Pribadi
UBL;6,030575868;Rumah pribadi/rumah keluarga;Rumah Keluarga/Pribadi
UBL;3,798747757;Rumah pribadi/rumah keluarga;Rumah Keluarga/Pribadi
UBL;2,253280565;Rumah pribadi/rumah keluarga;Rumah Keluarga/Pribadi
UBL;7,342939583;Rumah pribadi/rumah keluarga;Rumah Keluarga/Pribadi
UBL;6,216652949;Rumah pribadi/rumah keluarga;Rumah Keluarga/Pribadi
UBL;1,641342744;Rumah pribadi/rumah keluarga;Rumah Keluarga/Pribadi
UBL;2,261991623;Rumah pribadi/rumah keluarga;Rumah Keluarga/Pribadi
UBL;2,907689166;Rumah pribadi/rumah keluarga;Rumah Keluarga/Pribadi
UBL;0,933432681;Rumah bersama saudara;Rumah Keluarga/Pribadi
UBL;0,869150688;Rumah pribadi/rumah keluarga;Rumah Keluarga/Pribadi
UBL;7,493916174;Rumah pribadi/rumah keluarga;Rumah Keluarga/Pribadi
UBL;0,733135599;Rumah pribadi/rumah keluarga;Rumah Keluarga/Pribadi
UBL;3,239116806;Rumah pribadi/rumah keluarga;Rumah Keluarga/Pribadi
UBL;2,068500832;Rumah pribadi/rumah keluarga;Rumah Keluarga/Pribadi
UBL;2,629455679;Rumah pribadi/rumah keluarga;Rumah Keluarga/Pribadi
UBL;4,810488731;Rumah pribadi/rumah keluarga;Rumah Keluarga/Pribadi
UBL;0,734324376;Rumah pribadi/rumah keluarga;Rumah Keluarga/Pribadi
UBL;2,340177987;Rumah pribadi/rumah keluarga;Rumah Keluarga/Pribadi
UBL;2,012286149;Rumah pribadi/rumah keluarga;Rumah Keluarga/Pribadi
UBL;3,277631679;Rumah pribadi/rumah keluarga;Rumah Keluarga/Pribadi
UBL;0,592361664;Kos Sendiri;Kos/Asrama
UBL;0,991739715;Rumah pribadi/rumah keluarga;Rumah Keluarga/Pribadi
UBL;1,448098185;Rumah pribadi/rumah keluarga;Rumah Keluarga/Pribadi
UBL;2,958160665;Rumah pribadi/rumah keluarga;Rumah Keluarga/Pribadi
UBL;4,499521627;Rumah pribadi/rumah keluarga;Rumah Keluarga/Pribadi
UBL;0,287605438;Rumah pribadi/rumah keluarga;Rumah Keluarga/Pribadi
UBL;2,629455679;Rumah pribadi/rumah keluarga;Rumah Keluarga/Pribadi
UBL;1,572893042;Kos bersama-sama;Kos/Asrama
UBL;5,824231663;Rumah pribadi/rumah keluarga;Rumah Keluarga/Pribadi
UBL;5,230078489;Rumah pribadi/rumah keluarga;Rumah Keluarga/Pribadi
UBL;4,212380528;Rumah pribadi/rumah keluarga;Rumah Keluarga/Pribadi
UBL;2,221481311;Kos bersama-sama;Kos/Asrama
UBL;7,938788294;Rumah pribadi/rumah keluarga;Rumah Keluarga/Pribadi
UBL;7,938788294;Rumah pribadi/rumah keluarga;Rumah Keluarga/Pribadi
UBL;2,440728081;Rumah pribadi/rumah keluarga;Rumah Keluarga/Pribadi
UBL;2,751459595;Rumah pribadi/rumah keluarga;Rumah Keluarga/Pribadi
UBL;3,839764074;Rumah pribadi/rumah keluarga;Rumah Keluarga/Pribadi
UBL;3,521868899;Rumah pribadi/rumah keluarga;Rumah Keluarga/Pribadi
UBL;1,787724346;Rumah pribadi/rumah keluarga;Rumah Keluarga/Pribadi
UBL;4,081306557;Rumah pribadi/rumah keluarga;Rumah Keluarga/Pribadi
UBL;3,569418265;Rumah pribadi/rumah keluarga;Rumah Keluarga/Pribadi
UBL;2,219981332;Rumah pribadi/rumah keluarga;Rumah Keluarga/Pribadi
UBL;8,680099096;Rumah pribadi/rumah keluarga;Rumah Keluarga/Pribadi
UBL;5,986168756;Rumah pribadi/rumah keluarga;Rumah Keluarga/Pribadi
UBL;8,521836716;Rumah pribadi/rumah keluarga;Rumah Keluarga/Pribadi
UBL;3,829793712;Rumah pribadi/rumah keluarga;Rumah Keluarga/Pribadi
UBL;4,974810796;Rumah pribadi/rumah keluarga;Rumah Keluarga/Pribadi
UBL;5,986168756;Rumah pribadi/rumah keluarga;Rumah Keluarga/Pribadi
UBL;4,957642327;Rumah pribadi/rumah keluarga;Rumah Keluarga/Pribadi
UBL;4,802100264;Rumah pribadi/rumah keluarga;Rumah Keluarga/Pribadi
UBL;5,241010676;Rumah pribadi/rumah keluarga;Rumah Keluarga/Pribadi
UBL;0,421196876;Kos Sendiri;Kos/Asrama
UBL;1,364458401;Rumah pribadi/rumah keluarga;Rumah Keluarga/Pribadi
UBL;1,878808568;Rumah pribadi/rumah keluarga;Rumah Keluarga/Pribadi
UBL;1,069331704;Rumah pribadi/rumah keluarga;Rumah Keluarga/Pribadi
UBL;7,154815043;Rumah pribadi/rumah keluarga;Rumah Keluarga/Pribadi
UBL;4,385755452;Rumah pribadi/rumah keluarga;Rumah Keluarga/Pribadi
UBL;1,926858932;Rumah pribadi/rumah keluarga;Rumah Keluarga/Pribadi
UBL;3,098495784;Rumah pribadi/rumah keluarga;Rumah Keluarga/Pribadi
UBL;4,206793313;Rumah pribadi/rumah keluarga;Rumah Keluarga/Pribadi
UBL;6,219275642;Rumah pribadi/rumah keluarga;Rumah Keluarga/Pribadi
UBL;1,656918556;Rumah bersama saudara;Rumah Keluarga/Pribadi
UBL;2,112847110;Rumah pribadi/rumah keluarga;Rumah Keluarga/Pribadi
UBL;0,892853672;Rumah pribadi/rumah keluarga;Rumah Keluarga/Pribadi
UBL;1,656918556;Rumah bersama saudara;Rumah Keluarga/Pribadi
UBL;0,976674195;Kos Sendiri;Kos/Asrama
UBL;4,505262959;Rumah pribadi/rumah keluarga;Rumah Keluarga/Pribadi
UBL;1,356831470;Rumah pribadi/rumah keluarga;Rumah Keluarga/Pribadi
UBL;4,505262959;Rumah pribadi/rumah keluarga;Rumah Keluarga/Pribadi
UBL;1,839389157;Rumah pribadi/rumah keluarga;Rumah Keluarga/Pribadi
UBL;1,356831470;Rumah pribadi/rumah keluarga;Rumah Keluarga/Pribadi
UBL;1,539924059;Rumah pribadi/rumah keluarga;Rumah Keluarga/Pribadi
UBL;1,656238914;Rumah pribadi/rumah keluarga;Rumah Keluarga/Pribadi
UBL;0,501244848;Rumah pribadi/rumah keluarga;Rumah Keluarga/Pribadi
UBL;1,775256135;Rumah pribadi/rumah keluarga;Rumah Keluarga/Pribadi
UBL;1,122152673;Rumah pribadi/rumah keluarga;Rumah Keluarga/Pribadi
UBL;1,045679685;Rumah bersama saudara;Rumah Keluarga/Pribadi
UBL;1,354286190;Rumah pribadi/rumah keluarga;Rumah Keluarga/Pribadi
UBL;4,061345130;Rumah pribadi/rumah keluarga;Rumah Keluarga/Pribadi
UBL;1,234770674;Rumah pribadi/rumah keluarga;Rumah Keluarga/Pribadi
UBL;1,354286190;Rumah bersama saudara;Rumah Keluarga/Pribadi
UBL;4,363461675;Rumah pribadi/rumah keluarga;Rumah Keluarga/Pribadi
UBL;3,249929315;Rumah pribadi/rumah keluarga;Rumah Keluarga/Pribadi
UBL;3,171617387;Rumah pribadi/rumah keluarga;Rumah Keluarga/Pribadi
UBL;4,498009214;Rumah pribadi/rumah keluarga;Rumah Keluarga/Pribadi
UBL;1,183931381;Rumah pribadi/rumah keluarga;Rumah Keluarga/Pribadi
UBL;1,183931381;Rumah pribadi/rumah keluarga;Rumah Keluarga/Pribadi
UBL;5,263774832;Rumah pribadi/rumah keluarga;Rumah Keluarga/Pribadi
UBL;1,179398143;Rumah pribadi/rumah keluarga;Rumah Keluarga/Pribadi
UBL;1,439056074;Rumah pribadi/rumah keluarga;Rumah Keluarga/Pribadi
UBL;4,448930352;Rumah pribadi/rumah keluarga;Rumah Keluarga/Pribadi
UBL;5,362427134;Rumah bersama saudara;Rumah Keluarga/Pribadi
UBL;3,308584865;Rumah bersama saudara;Rumah Keluarga/Pribadi
UBL;1,993916898;Rumah pribadi/rumah keluarga;Rumah Keluarga/Pribadi
UBL;1,690773079;Rumah pribadi/rumah keluarga;Rumah Keluarga/Pribadi
UBL;2,364386957;Rumah pribadi/rumah keluarga;Rumah Keluarga/Pribadi
UBL;4,208207301;Rumah pribadi/rumah keluarga;Rumah Keluarga/Pribadi
UBL;2,131168906;Rumah pribadi/rumah keluarga;Rumah Keluarga/Pribadi
UBL;3,119256979;Rumah pribadi/rumah keluarga;Rumah Keluarga/Pribadi
UBL;1,842410414;Rumah pribadi/rumah keluarga;Rumah Keluarga/Pribadi
UBL;2,725114168;Rumah pribadi/rumah keluarga;Rumah Keluarga/Pribadi
UBL;1,244403707;Rumah pribadi/rumah keluarga;Rumah Keluarga/Pribadi
UBL;7,552938460;Rumah pribadi/rumah keluarga;Rumah Keluarga/Pribadi
UBL;2,725114168;Rumah pribadi/rumah keluarga;Rumah Keluarga/Pribadi
UBL;0,421196876;Kos Sendiri;Kos/Asrama
UBL;3,116770684;Rumah pribadi/rumah keluarga;Rumah Keluarga/Pribadi
UBL;2,842587266;Rumah pribadi/rumah keluarga;Rumah Keluarga/Pribadi
UBL;3,756796208;Rumah pribadi/rumah keluarga;Rumah Keluarga/Pribadi
UBL;0,421196876;Kos Sendiri;Kos/Asrama
UBL;2,131168906;Rumah bersama saudara;Rumah Keluarga/Pribadi
UBL;4,801997026;Rumah pribadi/rumah keluarga;Rumah Keluarga/Pribadi
UBL;1,196980850;Rumah pribadi/rumah keluarga;Rumah Keluarga/Pribadi
UBL;5,482121402;Rumah pribadi/rumah keluarga;Rumah Keluarga/Pribadi
UBL;4,684394322;Rumah pribadi/rumah keluarga;Rumah Keluarga/Pribadi
UBL;5,654532615;Rumah pribadi/rumah keluarga;Rumah Keluarga/Pribadi
UBL;2,713970664;Rumah pribadi/rumah keluarga;Rumah Keluarga/Pribadi
UBL;3,025538433;Rumah pribadi/rumah keluarga;Rumah Keluarga/Pribadi
UBL;1,977390761;Rumah pribadi/rumah keluarga;Rumah Keluarga/Pribadi
UBL;4,766060188;Rumah pribadi/rumah keluarga;Rumah Keluarga/Pribadi
UBL;3,108913865;Rumah pribadi/rumah keluarga;Rumah Keluarga/Pribadi
UBL;1,636160181;Rumah pribadi/rumah keluarga;Rumah Keluarga/Pribadi
UBL;1,636160181;Rumah pribadi/rumah keluarga;Rumah Keluarga/Pribadi
UBL;6,168818338;Rumah pribadi/rumah keluarga;Rumah Keluarga/Pribadi
UBL;2,337762627;Kos Sendiri;Kos/Asrama
UBL;1,078228666;Kos Sendiri;Kos/Asrama
UBL;2,713473952;Rumah pribadi/rumah keluarga;Rumah Keluarga/Pribadi
UBL;0,583639071;Kos Sendiri;Kos/Asrama
UBL;1,095409914;Rumah pribadi/rumah keluarga;Rumah Keluarga/Pribadi
UBL;5,301213799;Rumah pribadi/rumah keluarga;Rumah Keluarga/Pribadi
UBL;5,418273673;Rumah pribadi/rumah keluarga;Rumah Keluarga/Pribadi
UBL;4,931691228;Rumah pribadi/rumah keluarga;Rumah Keluarga/Pribadi
UBL;6,113873406;Rumah pribadi/rumah keluarga;Rumah Keluarga/Pribadi
UBL;0,997812015;Kos Sendiri;Kos/Asrama
UBL;3,825166186;Rumah pribadi/rumah keluarga;Rumah Keluarga/Pribadi
UBL;3,520117444;Rumah pribadi/rumah keluarga;Rumah Keluarga/Pribadi
UBL;5,603129786;Rumah pribadi/rumah keluarga;Rumah Keluarga/Pribadi
UBL;3,684814478;Rumah pribadi/rumah keluarga;Rumah Keluarga/Pribadi
UBL;0,223526852;Kos Sendiri;Kos/Asrama
UBL;2,253035673;Rumah bersama saudara;Rumah Keluarga/Pribadi
UBL;1,661184434;Kos Sendiri;Kos/Asrama
UBL;2,770641918;Rumah bersama saudara;Rumah Keluarga/Pribadi
UBL;2,121246264;Rumah pribadi/rumah keluarga;Rumah Keluarga/Pribadi
UBL;0,944185368;Rumah bersama saudara;Rumah Keluarga/Pribadi
UBL;5,869433024;Rumah pribadi/rumah keluarga;Rumah Keluarga/Pribadi
UBL;3,736093076;Rumah bersama saudara;Rumah Keluarga/Pribadi
UBL;3,523196589;Rumah pribadi/rumah keluarga;Rumah Keluarga/Pribadi
UBL;0,421196876;Kos Sendiri;Kos/Asrama
UBL;5,483812027;Rumah pribadi/rumah keluarga;Rumah Keluarga/Pribadi
UBL;5,934150219;Rumah pribadi/rumah keluarga;Rumah Keluarga/Pribadi
UBL;7,721061558;Rumah pribadi/rumah keluarga;Rumah Keluarga/Pribadi
UBL;3,746164394;Rumah pribadi/rumah keluarga;Rumah Keluarga/Pribadi
UBL;4,804764071;Rumah pribadi/rumah keluarga;Rumah Keluarga/Pribadi
UBL;5,775420396;Rumah pribadi/rumah keluarga;Rumah Keluarga/Pribadi
UBL;6,937402999;Rumah pribadi/rumah keluarga;Rumah Keluarga/Pribadi
UBL;4,694721516;Rumah pribadi/rumah keluarga;Rumah Keluarga/Pribadi
UBL;3,417557782;Rumah pribadi/rumah keluarga;Rumah Keluarga/Pribadi
UBL;1,470183382;Rumah pribadi/rumah keluarga;Rumah Keluarga/Pribadi
UBL;2,412657080;Rumah pribadi/rumah keluarga;Rumah Keluarga/Pribadi
UBL;6,212812286;Rumah pribadi/rumah keluarga;Rumah Keluarga/Pribadi
UBL;2,279226500;Rumah pribadi/rumah keluarga;Rumah Keluarga/Pribadi
UBL;2,195442512;Rumah pribadi/rumah keluarga;Rumah Keluarga/Pribadi
UBL;4,630639198;Rumah pribadi/rumah keluarga;Rumah Keluarga/Pribadi
UBL;0,330821916;Kos Sendiri;Kos/Asrama
UBL;7,865911096;Rumah bersama saudara;Rumah Keluarga/Pribadi
UBL;1,235915372;Kos bersama-sama;Kos/Asrama
UBL;0,470414021;Kos bersama-sama;Kos/Asrama
UBL;3,829713536;Rumah bersama saudara;Rumah Keluarga/Pribadi
UBL;8,299326124;Rumah pribadi/rumah keluarga;Rumah Keluarga/Pribadi
UBL;2,071359041;Rumah bersama saudara;Rumah Keluarga/Pribadi
UBL;0,437019785;Rumah pribadi/rumah keluarga;Rumah Keluarga/Pribadi
UBL;2,849408820;Rumah pribadi/rumah keluarga;Rumah Keluarga/Pribadi
UBL;2,646199003;Rumah pribadi/rumah keluarga;Rumah Keluarga/Pribadi
UBL;4,804276926;Rumah pribadi/rumah keluarga;Rumah Keluarga/Pribadi
UBL;5,855147394;Rumah pribadi/rumah keluarga;Rumah Keluarga/Pribadi
UBL;2,740948274;Rumah pribadi/rumah keluarga;Rumah Keluarga/Pribadi
UBL;5,109739909;Rumah pribadi/rumah keluarga;Rumah Keluarga/Pribadi
UBL;8,685426981;Rumah pribadi/rumah keluarga;Rumah Keluarga/Pribadi
UBL;3,966859999;Rumah pribadi/rumah keluarga;Rumah Keluarga/Pribadi
UBL;4,830051327;Rumah pribadi/rumah keluarga;Rumah Keluarga/Pribadi
UBL;1,908835058;Rumah pribadi/rumah keluarga;Rumah Keluarga/Pribadi
UBL;6,047204038;Rumah pribadi/rumah keluarga;Rumah Keluarga/Pribadi
UBL;5,627484673;Rumah pribadi/rumah keluarga;Rumah Keluarga/Pribadi
UBL;5,358223661;Rumah pribadi/rumah keluarga;Rumah Keluarga/Pribadi
UBL;0,287605438;Rumah pribadi/rumah keluarga;Rumah Keluarga/Pribadi
UBL;4,380956522;Rumah pribadi/rumah keluarga;Rumah Keluarga/Pribadi
UBL;2,874859528;Rumah pribadi/rumah keluarga;Rumah Keluarga/Pribadi
UBL;0,140859753;Kos bersama-sama;Kos/Asrama
UBL;0,421196876;Kos Sendiri;Kos/Asrama
UBL;6,083366721;Rumah pribadi/rumah keluarga;Rumah Keluarga/Pribadi
UBL;5,348132850;Rumah pribadi/rumah keluarga;Rumah Keluarga/Pribadi
UBL;3,877107583;Rumah pribadi/rumah keluarga;Rumah Keluarga/Pribadi
UBL;3,887183407;Rumah pribadi/rumah keluarga;Rumah Keluarga/Pribadi
UBL;0,812566496;Rumah pribadi/rumah keluarga;Rumah Keluarga/Pribadi
UBL;2,148414624;Rumah pribadi/rumah keluarga;Rumah Keluarga/Pribadi
UBL;4,544608410;Rumah pribadi/rumah keluarga;Rumah Keluarga/Pribadi
UBL;2,696499732;Rumah pribadi/rumah keluarga;Rumah Keluarga/Pribadi
UBL;6,668380151;Rumah pribadi/rumah keluarga;Rumah Keluarga/Pribadi
UBL;3,662324659;Rumah pribadi/rumah keluarga;Rumah Keluarga/Pribadi
UBL;2,764536027;Rumah pribadi/rumah keluarga;Rumah Keluarga/Pribadi
UBL;1,580955442;Rumah pribadi/rumah keluarga;Rumah Keluarga/Pribadi
UBL;3,039713267;Rumah pribadi/rumah keluarga;Rumah Keluarga/Pribadi
UBL;2,083620319;Rumah pribadi/rumah keluarga;Rumah Keluarga/Pribadi
UBL;1,137988281;Rumah pribadi/rumah keluarga;Rumah Keluarga/Pribadi
UBL;7,934604730;Rumah pribadi/rumah keluarga;Rumah Keluarga/Pribadi
UBL;1,525156324;Rumah pribadi/rumah keluarga;Rumah Keluarga/Pribadi
ITERA;6,690000000;Rumah pribadi/rumah keluarga;Rumah Keluarga/Pribadi
ITERA;2,820000000;Kos Sendiri;Kos/Asrama
ITERA;5,170000000;Kos Sendiri;Kos/Asrama
ITERA;6,950000000;Kos Sendiri;Kos/Asrama
ITERA;5,570000000;Rumah mengontrak bersama-sama;Rumah Keluarga/Pribadi
ITERA;4,750000000;Kos Sendiri;Kos/Asrama
ITERA;8,270000000;Rumah pribadi/rumah keluarga;Rumah Keluarga/Pribadi
ITERA;3,700000000;Rumah mengontrak bersama-sama;Rumah Keluarga/Pribadi
ITERA;3,770000000;Kos Sendiri;Kos/Asrama
ITERA;2,080000000;Kos Sendiri;Kos/Asrama
ITERA;6,630000000;Kos Sendiri;Kos/Asrama
ITERA;4,400000000;Rumah pribadi/rumah keluarga;Rumah Keluarga/Pribadi
ITERA;10,690000000;Rumah pribadi/rumah keluarga;Rumah Keluarga/Pribadi
ITERA;3,700000000;Kos Sendiri;Kos/Asrama
ITERA;6,090000000;Rumah mengontrak bersama-sama;Rumah Keluarga/Pribadi
ITERA;3,920000000;Rumah mengontrak bersama-sama;Rumah Keluarga/Pribadi
ITERA;3,470000000;Kos Sendiri;Kos/Asrama
ITERA;3,550000000;Kos bersama-sama;Kos/Asrama
ITERA;6,350000000;Rumah pribadi/rumah keluarga;Rumah Keluarga/Pribadi
ITERA;1,760000000;Kos Sendiri;Kos/Asrama
ITERA;5,540000000;Rumah pribadi/rumah keluarga;Rumah Keluarga/Pribadi
ITERA;1,760000000;Kos Sendiri;Kos/Asrama
ITERA;10,320000000;Rumah pribadi/rumah keluarga;Rumah Keluarga/Pribadi
ITERA;10,440000000;Rumah pribadi/rumah keluarga;Rumah Keluarga/Pribadi
ITERA;3,030000000;Kos Sendiri;Kos/Asrama
ITERA;6,390000000;Rumah bersama saudara;Rumah Keluarga/Pribadi
ITERA;7,930000000;Rumah pribadi/rumah keluarga;Rumah Keluarga/Pribadi
ITERA;5,030000000;Rumah mengontrak bersama-sama;Rumah Keluarga/Pribadi
ITERA;2,390000000;Kos Sendiri;Kos/Asrama
ITERA;4,800000000;Rumah mengontrak bersama-sama;Rumah Keluarga/Pribadi
ITERA;3,520000000;Kos Sendiri;Kos/Asrama
ITERA;3,560000000;Rumah mengontrak bersama-sama;Rumah Keluarga/Pribadi
ITERA;4,610000000;Kos Sendiri;Kos/Asrama
ITERA;4,750000000;Kos Sendiri;Kos/Asrama
ITERA;5,400000000;Rumah pribadi/rumah keluarga;Rumah Keluarga/Pribadi
ITERA;9,630000000;Kos Sendiri;Kos/Asrama
ITERA;5,400000000;Rumah mengontrak bersama-sama;Rumah Keluarga/Pribadi
ITERA;12,190000000;Kos Sendiri;Kos/Asrama
ITERA;3,810000000;Rumah mengontrak bersama-sama;Rumah Keluarga/Pribadi
ITERA;1,780000000;Kos Sendiri;Kos/Asrama
ITERA;5,460000000;Rumah pribadi/rumah keluarga;Rumah Keluarga/Pribadi
ITERA;3,700000000;Kos Sendiri;Kos/Asrama
ITERA;4,980000000;Kos Sendiri;Kos/Asrama
ITERA;14,120000000;Kos bersama-sama;Kos/Asrama
ITERA;8,560000000;Rumah pribadi/rumah keluarga;Rumah Keluarga/Pribadi
ITERA;35,180000000;Rumah pribadi/rumah keluarga;Rumah Keluarga/Pribadi
ITERA;7,890000000;Rumah pribadi/rumah keluarga;Rumah Keluarga/Pribadi
ITERA;3,910000000;Rumah pribadi/rumah keluarga;Rumah Keluarga/Pribadi
ITERA;12,410000000;Rumah mengontrak bersama-sama;Rumah Keluarga/Pribadi
ITERA;3,950000000;Rumah pribadi/rumah keluarga;Rumah Keluarga/Pribadi
ITERA;7,500000000;Kos Sendiri;Kos/Asrama
ITERA;13,560000000;Rumah bersama saudara;Rumah Keluarga/Pribadi
ITERA;9,280000000;Rumah pribadi/rumah keluarga;Rumah Keluarga/Pribadi
ITERA;5,870000000;Rumah pribadi/rumah keluarga;Rumah Keluarga/Pribadi
ITERA;3,700000000;Rumah mengontrak bersama-sama;Rumah Keluarga/Pribadi
ITERA;5,500000000;Kos Sendiri;Kos/Asrama
ITERA;4,040000000;Rumah mengontrak bersama-sama;Rumah Keluarga/Pribadi
ITERA;9,790000000;Rumah pribadi/rumah keluarga;Rumah Keluarga/Pribadi
ITERA;5,400000000;Rumah pribadi/rumah keluarga;Rumah Keluarga/Pribadi
ITERA;7,410000000;Kos bersama-sama;Kos/Asrama
ITERA;3,470000000;Rumah bersama saudara;Rumah Keluarga/Pribadi
ITERA;3,840000000;Kos Sendiri;Kos/Asrama
ITERA;3,820000000;Kos Sendiri;Kos/Asrama
ITERA;2,240000000;Kos Sendiri;Kos/Asrama
ITERA;5,140000000;Kos Sendiri;Kos/Asrama
ITERA;3,700000000;Kos Sendiri;Kos/Asrama
ITERA;3,570000000;Rumah mengontrak bersama-sama;Rumah Keluarga/Pribadi
ITERA;3,720000000;Kos Sendiri;Kos/Asrama
ITERA;3,650000000;Rumah mengontrak bersama-sama;Rumah Keluarga/Pribadi
ITERA;5,140000000;Rumah mengontrak bersama-sama;Rumah Keluarga/Pribadi
ITERA;5,590000000;Rumah mengontrak bersama-sama;Rumah Keluarga/Pribadi
ITERA;2,760000000;Kos Sendiri;Kos/Asrama
ITERA;6,830000000;Kos Sendiri;Kos/Asrama
ITERA;5,010000000;Rumah mengontrak bersama-sama;Rumah Keluarga/Pribadi
ITERA;2,260000000;Rumah pribadi/rumah keluarga;Rumah Keluarga/Pribadi
ITERA;3,580000000;Kos Sendiri;Kos/Asrama
ITERA;5,460000000;Rumah mengontrak bersama-sama;Rumah Keluarga/Pribadi
ITERA;6,890000000;Kos Sendiri;Kos/Asrama
ITERA;5,230000000;Rumah pribadi/rumah keluarga;Rumah Keluarga/Pribadi
ITERA;6,340000000;Kos Sendiri;Kos/Asrama
ITERA;3,700000000;Rumah mengontrak bersama-sama;Rumah Keluarga/Pribadi
ITERA;2,790000000;Kos Sendiri;Kos/Asrama
ITERA;2,790000000;Rumah mengontrak bersama-sama;Rumah Keluarga/Pribadi
ITERA;5,270000000;Rumah mengontrak bersama-sama;Rumah Keluarga/Pribadi
ITERA;3,700000000;Kos Sendiri;Kos/Asrama
ITERA;7,900000000;Kos Sendiri;Kos/Asrama
ITERA;2,760000000;Rumah mengontrak bersama-sama;Rumah Keluarga/Pribadi
ITERA;9,410000000;Kos Sendiri;Kos/Asrama
ITERA;7,070000000;Rumah pribadi/rumah keluarga;Rumah Keluarga/Pribadi
ITERA;8,190000000;Rumah pribadi/rumah keluarga;Rumah Keluarga/Pribadi
ITERA;3,900000000;Rumah mengontrak pribadi;Rumah Keluarga/Pribadi
ITERA;3,480000000;Rumah mengontrak bersama-sama;Rumah Keluarga/Pribadi
ITERA;3,700000000;Kos Sendiri;Kos/Asrama
ITERA;3,300000000;Kos Sendiri;Kos/Asrama
ITERA;2,660000000;Rumah mengontrak bersama-sama;Rumah Keluarga/Pribadi
ITERA;3,730000000;Rumah mengontrak bersama-sama;Rumah Keluarga/Pribadi
ITERA;2,660000000;Kos Sendiri;Kos/Asrama
ITERA;3,840000000;Rumah mengontrak bersama-sama;Rumah Keluarga/Pribadi
ITERA;2,660000000;Kos Sendiri;Kos/Asrama
ITERA;5,840000000;Rumah mengontrak bersama-sama;Rumah Keluarga/Pribadi
ITERA;6,780000000;Rumah mengontrak bersama-sama;Rumah Keluarga/Pribadi
ITERA;2,110000000;Kos Sendiri;Kos/Asrama
ITERA;3,480000000;Kos Sendiri;Kos/Asrama
ITERA;3,960000000;Kos Sendiri;Kos/Asrama
ITERA;5,030000000;Rumah mengontrak bersama-sama;Rumah Keluarga/Pribadi
ITERA;3,700000000;Kos Sendiri;Kos/Asrama
ITERA;4,610000000;Kos Sendiri;Kos/Asrama
ITERA;2,240000000;Kos Sendiri;Kos/Asrama
ITERA;4,880000000;Kos Sendiri;Kos/Asrama
ITERA;4,880000000;Rumah mengontrak bersama-sama;Rumah Keluarga/Pribadi
ITERA;4,870000000;Rumah mengontrak bersama-sama;Rumah Keluarga/Pribadi
ITERA;5,030000000;Rumah mengontrak bersama-sama;Rumah Keluarga/Pribadi
ITERA;5,270000000;Kos Sendiri;Kos/Asrama
ITERA;5,270000000;Rumah mengontrak bersama-sama;Rumah Keluarga/Pribadi
ITERA;2,080000000;Rumah mengontrak bersama-sama;Rumah Keluarga/Pribadi
ITERA;2,340000000;Rumah mengontrak bersama-sama;Rumah Keluarga/Pribadi
ITERA;2,660000000;Kos Sendiri;Kos/Asrama
ITERA;3,840000000;Kos Sendiri;Kos/Asrama
ITERA;3,640000000;Kos Sendiri;Kos/Asrama
ITERA;3,170000000;Kos Sendiri;Kos/Asrama
ITERA;1,780000000;Rumah mengontrak bersama-sama;Rumah Keluarga/Pribadi
ITERA;2,240000000;Kos Sendiri;Kos/Asrama
ITERA;3,900000000;Kos Sendiri;Kos/Asrama
ITERA;5,350000000;Kos Sendiri;Kos/Asrama
ITERA;2,120000000;Rumah mengontrak bersama-sama;Rumah Keluarga/Pribadi
ITERA;3,700000000;Kos Sendiri;Kos/Asrama
ITERA;3,770000000;Kos Sendiri;Kos/Asrama
ITERA;2,790000000;Kos Sendiri;Kos/Asrama
ITERA;4,930000000;Kos Sendiri;Kos/Asrama
ITERA;5,110000000;Kos Sendiri;Kos/Asrama
ITERA;6,950000000;Kos Sendiri;Kos/Asrama
ITERA;4,750000000;Kos Sendiri;Kos/Asrama
ITERA;5,500000000;Kos Sendiri;Kos/Asrama
ITERA;5,520000000;Kos Sendiri;Kos/Asrama
ITERA;6,680000000;Rumah mengontrak bersama-sama;Rumah Keluarga/Pribadi
ITERA;2,820000000;Rumah mengontrak bersama-sama;Rumah Keluarga/Pribadi
ITERA;3,840000000;Kos Sendiri;Kos/Asrama
ITERA;3,840000000;Rumah mengontrak bersama-sama;Rumah Keluarga/Pribadi
ITERA;3,840000000;Rumah mengontrak bersama-sama;Rumah Keluarga/Pribadi
ITERA;5,010000000;Kos Sendiri;Kos/Asrama
ITERA;5,030000000;Kos Sendiri;Kos/Asrama
ITERA;8,190000000;Rumah mengontrak bersama-sama;Rumah Keluarga/Pribadi
ITERA;2,630000000;Rumah pribadi/rumah keluarga;Rumah Keluarga/Pribadi
ITERA;3,750000000;Kos Sendiri;Kos/Asrama
ITERA;1,850000000;Rumah mengontrak bersama-sama;Rumah Keluarga/Pribadi
ITERA;6,780000000;Kos Sendiri;Kos/Asrama
ITERA;2,240000000;Rumah mengontrak bersama-sama;Rumah Keluarga/Pribadi
ITERA;6,130000000;Kos Sendiri;Kos/Asrama
ITERA;5,170000000;Kos bersama-sama;Kos/Asrama
ITERA;5,520000000;Kos Sendiri;Kos/Asrama
ITERA;5,680000000;Kos bersama-sama;Kos/Asrama
ITERA;6,250000000;Rumah mengontrak bersama-sama;Rumah Keluarga/Pribadi
ITERA;8,700000000;Rumah mengontrak bersama-sama;Rumah Keluarga/Pribadi
ITERA;5,810000000;Rumah pribadi/rumah keluarga;Rumah Keluarga/Pribadi
ITERA;6,180000000;Rumah mengontrak bersama-sama;Rumah Keluarga/Pribadi
ITERA;4,970000000;Kos Sendiri;Kos/Asrama
ITERA;5,280000000;Rumah pribadi/rumah keluarga;Rumah Keluarga/Pribadi
ITERA;2,850000000;Kos Sendiri;Kos/Asrama
ITERA;3,730000000;Kos Sendiri;Kos/Asrama
ITERA;3,520000000;Rumah mengontrak bersama-sama;Rumah Keluarga/Pribadi
ITERA;14,010000000;Kos Sendiri;Kos/Asrama
ITERA;8,100000000;Rumah pribadi/rumah keluarga;Rumah Keluarga/Pribadi
ITERA;5,460000000;Rumah pribadi/rumah keluarga;Rumah Keluarga/Pribadi
ITERA;5,960000000;Kos Sendiri;Kos/Asrama
ITERA;5,300000000;Rumah mengontrak bersama-sama;Rumah Keluarga/Pribadi
ITERA;2,110000000;Rumah mengontrak bersama-sama;Rumah Keluarga/Pribadi
ITERA;6,520000000;Kos Sendiri;Kos/Asrama
ITERA;6,780000000;Rumah mengontrak bersama-sama;Rumah Keluarga/Pribadi
ITERA;5,130000000;Kos Sendiri;Kos/Asrama
ITERA;2,840000000;Kos Sendiri;Kos/Asrama
ITERA;6,830000000;Kos bersama-sama;Kos/Asrama
ITERA;6,130000000;Rumah mengontrak bersama-sama;Rumah Keluarga/Pribadi
ITERA;7,040000000;Kos Sendiri;Kos/Asrama
ITERA;9,740000000;Rumah pribadi/rumah keluarga;Rumah Keluarga/Pribadi
ITERA;2,910000000;Rumah pribadi/rumah keluarga;Rumah Keluarga/Pribadi
ITERA;8,180000000;Rumah mengontrak bersama-sama;Rumah Keluarga/Pribadi
ITERA;2,960000000;Rumah pribadi/rumah keluarga;Rumah Keluarga/Pribadi
ITERA;3,030000000;Rumah mengontrak bersama-sama;Rumah Keluarga/Pribadi
ITERA;6,640000000;Kos Sendiri;Kos/Asrama
ITERA;5,610000000;Rumah pribadi/rumah keluarga;Rumah Keluarga/Pribadi
ITERA;1,780000000;Kos Sendiri;Kos/Asrama
ITERA;5,530000000;Kos Sendiri;Kos/Asrama
ITERA;3,770000000;Rumah mengontrak bersama-sama;Rumah Keluarga/Pribadi
ITERA;6,450000000;Kos Sendiri;Kos/Asrama
ITERA;3,090000000;Rumah mengontrak bersama-sama;Rumah Keluarga/Pribadi
ITERA;2,800000000;Kos Sendiri;Kos/Asrama
ITERA;5,400000000;Kos Sendiri;Kos/Asrama
ITERA;3,770000000;Rumah mengontrak bersama-sama;Rumah Keluarga/Pribadi
ITERA;3,770000000;Kos Sendiri;Kos/Asrama
ITERA;3,770000000;Kos bersama-sama;Kos/Asrama
ITERA;4,880000000;Kos bersama-sama;Kos/Asrama
ITERA;7,430000000;Kos Sendiri;Kos/Asrama
ITERA;11,300000000;Rumah bersama saudara;Rumah Keluarga/Pribadi
ITERA;1,780000000;Rumah pribadi/rumah keluarga;Rumah Keluarga/Pribadi
ITERA;5,240000000;Kos Sendiri;Kos/Asrama
ITERA;4,750000000;Kos Sendiri;Kos/Asrama
ITERA;6,090000000;Kos Sendiri;Kos/Asrama
ITERA;4,100000000;Rumah pribadi/rumah keluarga;Rumah Keluarga/Pribadi
ITERA;5,110000000;Kos Sendiri;Kos/Asrama
ITERA;6,620000000;Rumah mengontrak bersama-sama;Rumah Keluarga/Pribadi
ITERA;7,030000000;Rumah mengontrak bersama-sama;Rumah Keluarga/Pribadi
ITERA;3,700000000;Rumah pribadi/rumah keluarga;Rumah Keluarga/Pribadi
ITERA;8,500000000;Kos Sendiri;Kos/Asrama
ITERA;5,660000000;Rumah pribadi/rumah keluarga;Rumah Keluarga/Pribadi
ITERA;1,780000000;Kos Sendiri;Kos/Asrama
ITERA;6,050000000;Rumah mengontrak bersama-sama;Rumah Keluarga/Pribadi
ITERA;7,650000000;Kos Sendiri;Kos/Asrama
ITERA;7,680000000;Rumah mengontrak bersama-sama;Rumah Keluarga/Pribadi
ITERA;15,570000000;Rumah pribadi/rumah keluarga;Rumah Keluarga/Pribadi
ITERA;4,880000000;Rumah pribadi/rumah keluarga;Rumah Keluarga/Pribadi
ITERA;5,820000000;Kos Sendiri;Kos/Asrama
ITERA;4,470000000;Kos Sendiri;Kos/Asrama
ITERA;4,610000000;Kos Sendiri;Kos/Asrama
ITERA;1,910000000;Rumah mengontrak bersama-sama;Rumah Keluarga/Pribadi
ITERA;5,240000000;Kos Sendiri;Kos/Asrama
ITERA;10,340000000;Rumah mengontrak bersama-sama;Rumah Keluarga/Pribadi
ITERA;8,200000000;Rumah mengontrak bersama-sama;Rumah Keluarga/Pribadi
ITERA;2,050000000;Kos Sendiri;Kos/Asrama
ITERA;3,820000000;Rumah mengontrak bersama-sama;Rumah Keluarga/Pribadi
ITERA;6,830000000;Kos Sendiri;Kos/Asrama
ITERA;3,480000000;Kos Sendiri;Kos/Asrama
ITERA;5,020000000;Kos Sendiri;Kos/Asrama
ITERA;8,280000000;Kos Sendiri;Kos/Asrama
ITERA;6,070000000;Rumah pribadi/rumah keluarga;Rumah Keluarga/Pribadi
ITERA;4,980000000;Rumah mengontrak bersama-sama;Rumah Keluarga/Pribadi
ITERA;4,980000000;Rumah mengontrak bersama-sama;Rumah Keluarga/Pribadi
ITERA;5,060000000;Rumah mengontrak bersama-sama;Rumah Keluarga/Pribadi
ITERA;6,590000000;Kos Sendiri;Kos/Asrama
ITERA;6,670000000;Kos Sendiri;Kos/Asrama
ITERA;5,460000000;Rumah mengontrak bersama-sama;Rumah Keluarga/Pribadi
ITERA;7,370000000;Kos Sendiri;Kos/Asrama
ITERA;6,190000000;Rumah pribadi/rumah keluarga;Rumah Keluarga/Pribadi
ITERA;8,540000000;Rumah mengontrak bersama-sama;Rumah Keluarga/Pribadi
ITERA;3,840000000;Rumah pribadi/rumah keluarga;Rumah Keluarga/Pribadi
ITERA;5,400000000;Kos Sendiri;Kos/Asrama
ITERA;4,070000000;Kos Sendiri;Kos/Asrama
ITERA;4,140000000;Kos bersama-sama;Kos/Asrama
ITERA;5,020000000;Rumah mengontrak bersama-sama;Rumah Keluarga/Pribadi
ITERA;9,730000000;Kos Sendiri;Kos/Asrama
ITERA;12,690000000;Rumah pribadi/rumah keluarga;Rumah Keluarga/Pribadi
ITERA;10,630000000;Rumah pribadi/rumah keluarga;Rumah Keluarga/Pribadi
ITERA;3,570000000;Rumah pribadi/rumah keluarga;Rumah Keluarga/Pribadi
ITERA;3,660000000;Kos Sendiri;Kos/Asrama
ITERA;3,700000000;Kos Sendiri;Kos/Asrama
ITERA;3,700000000;Kos Sendiri;Kos/Asrama
ITERA;3,700000000;Kos Sendiri;Kos/Asrama
ITERA;3,740000000;Rumah mengontrak bersama-sama;Rumah Keluarga/Pribadi
ITERA;4,790000000;Rumah mengontrak bersama-sama;Rumah Keluarga/Pribadi
ITERA;2,110000000;Kos Sendiri;Kos/Asrama
ITERA;5,930000000;Kos Sendiri;Kos/Asrama
ITERA;2,850000000;Rumah pribadi/rumah keluarga;Rumah Keluarga/Pribadi
ITERA;9,070000000;Kos Sendiri;Kos/Asrama
ITERA;6,180000000;Rumah pribadi/rumah keluarga;Rumah Keluarga/Pribadi
ITERA;2,630000000;Kos Sendiri;Kos/Asrama
ITERA;5,840000000;Kos Sendiri;Kos/Asrama
ITERA;10,520000000;Rumah mengontrak bersama-sama;Rumah Keluarga/Pribadi
ITERA;9,730000000;Rumah pribadi/rumah keluarga;Rumah Keluarga/Pribadi
ITERA;7,510000000;Rumah pribadi/rumah keluarga;Rumah Keluarga/Pribadi
ITERA;3,770000000;Rumah bersama saudara;Rumah Keluarga/Pribadi
ITERA;4,290000000;Kos Sendiri;Kos/Asrama
ITERA;4,750000000;Kos Sendiri;Kos/Asrama
ITERA;6,240000000;Kos Sendiri;Kos/Asrama
ITERA;5,400000000;Rumah mengontrak bersama-sama;Rumah Keluarga/Pribadi
ITERA;3,770000000;Kos Sendiri;Kos/Asrama
ITERA;13,310000000;Kos Sendiri;Kos/Asrama
ITERA;4,870000000;Rumah pribadi/rumah keluarga;Rumah Keluarga/Pribadi
ITERA;7,950000000;Kos Sendiri;Kos/Asrama
ITERA;5,400000000;Rumah bersama saudara;Rumah Keluarga/Pribadi
ITERA;4,960000000;Rumah mengontrak bersama-sama;Rumah Keluarga/Pribadi
ITERA;9,890000000;Kos Sendiri;Kos/Asrama
ITERA;3,680000000;Rumah bersama saudara;Rumah Keluarga/Pribadi
ITERA;2,780000000;Rumah mengontrak bersama-sama;Rumah Keluarga/Pribadi
ITERA;3,960000000;Kos Sendiri;Kos/Asrama
ITERA;1,780000000;Rumah bersama saudara;Rumah Keluarga/Pribadi
ITERA;2,070000000;Kos Sendiri;Kos/Asrama
ITERA;6,670000000;Kos Sendiri;Kos/Asrama
ITERA;5,080000000;Rumah mengontrak bersama-sama;Rumah Keluarga/Pribadi
ITERA;2,080000000;Rumah bersama saudara;Rumah Keluarga/Pribadi
ITERA;5,160000000;Kos Sendiri;Kos/Asrama
ITERA;8,190000000;Kos Sendiri;Kos/Asrama
ITERA;9,010000000;Rumah pribadi/rumah keluarga;Rumah Keluarga/Pribadi
ITERA;3,700000000;Rumah bersama saudara;Rumah Keluarga/Pribadi
ITERA;5,990000000;Kos bersama-sama;Kos/Asrama
ITERA;2,750000000;Rumah bersama saudara;Rumah Keluarga/Pribadi
ITERA;5,570000000;Kos Sendiri;Kos/Asrama
ITERA;5,290000000;Rumah mengontrak bersama-sama;Rumah Keluarga/Pribadi
ITERA;9,270000000;Rumah mengontrak bersama-sama;Rumah Keluarga/Pribadi
ITERA;5,080000000;Rumah pribadi/rumah keluarga;Rumah Keluarga/Pribadi
ITERA;2,780000000;Kos Sendiri;Kos/Asrama
ITERA;2,790000000;Kos Sendiri;Kos/Asrama
ITERA;2,080000000;Rumah bersama saudara;Rumah Keluarga/Pribadi
ITERA;2,080000000;Kos Sendiri;Kos/Asrama
ITERA;5,140000000;Kos Sendiri;Kos/Asrama
ITERA;3,770000000;Kos bersama-sama;Kos/Asrama
ITERA;5,800000000;Kos Sendiri;Kos/Asrama
ITERA;3,520000000;Rumah pribadi/rumah keluarga;Rumah Keluarga/Pribadi
ITERA;2,780000000;Rumah mengontrak bersama-sama;Rumah Keluarga/Pribadi
ITERA;5,800000000;Kos Sendiri;Kos/Asrama
ITERA;6,860000000;Rumah mengontrak bersama-sama;Rumah Keluarga/Pribadi
ITERA;6,620000000;Rumah mengontrak bersama-sama;Rumah Keluarga/Pribadi
ITERA;4,850000000;Kos Sendiri;Kos/Asrama
ITERA;2,390000000;Rumah pribadi/rumah keluarga;Rumah Keluarga/Pribadi
ITERA;6,500000000;Kos Sendiri;Kos/Asrama
ITERA;2,910000000;Rumah bersama saudara;Rumah Keluarga/Pribadi
ITERA;2,780000000;Kos Sendiri;Kos/Asrama
ITERA;3,770000000;Kos Sendiri;Kos/Asrama
ITERA;4,030000000;Kos Sendiri;Kos/Asrama
ITERA;5,400000000;Kos Sendiri;Kos/Asrama
ITERA;3,570000000;Rumah mengontrak bersama-sama;Rumah Keluarga/Pribadi
ITERA;5,240000000;Kos Sendiri;Kos/Asrama
ITERA;7,130000000;Rumah mengontrak bersama-sama;Rumah Keluarga/Pribadi
ITERA;5,840000000;Rumah pribadi/rumah keluarga;Rumah Keluarga/Pribadi
ITERA;2,870000000;Rumah mengontrak bersama-sama;Rumah Keluarga/Pribadi
ITERA;6,520000000;Kos Sendiri;Kos/Asrama
ITERA;4,880000000;Rumah mengontrak bersama-sama;Rumah Keluarga/Pribadi
ITERA;4,880000000;Kos bersama-sama;Kos/Asrama
ITERA;8,190000000;Kos bersama-sama;Kos/Asrama
ITERA;2,960000000;Rumah pribadi/rumah keluarga;Rumah Keluarga/Pribadi
ITERA;0,720000000;Kos Sendiri;Kos/Asrama
ITERA;2,780000000;Asrama;Kos/Asrama
ITERA;0,720000000;Kos bersama-sama;Kos/Asrama
ITERA;8,620000000;Asrama;Kos/Asrama
ITERA;6,730000000;Rumah mengontrak bersama-sama;Rumah Keluarga/Pribadi
ITERA;6,030000000;Kos Sendiri;Kos/Asrama
ITERA;3,770000000;Rumah mengontrak bersama-sama;Rumah Keluarga/Pribadi
ITERA;0,720000000;Kos Sendiri;Kos/Asrama
ITERA;5,190000000;Asrama;Kos/Asrama
ITERA;8,620000000;Rumah mengontrak bersama-sama;Rumah Keluarga/Pribadi
ITERA;3,820000000;Rumah pribadi/rumah keluarga;Rumah Keluarga/Pribadi
ITERA;3,680000000;Kos Sendiri;Kos/Asrama
ITERA;1,780000000;Kos bersama-sama;Kos/Asrama
ITERA;6,990000000;Kos Sendiri;Kos/Asrama
ITERA;4,750000000;Rumah bersama saudara;Rumah Keluarga/Pribadi
ITERA;4,750000000;Kos bersama-sama;Kos/Asrama
ITERA;8,760000000;Kos bersama-sama;Kos/Asrama
ITERA;6,680000000;Rumah bersama saudara;Rumah Keluarga/Pribadi
ITERA;1,780000000;Rumah mengontrak bersama-sama;Rumah Keluarga/Pribadi
ITERA;6,330000000;Kos Sendiri;Kos/Asrama
ITERA;2,660000000;Rumah bersama saudara;Rumah Keluarga/Pribadi
ITERA;10,480000000;Kos Sendiri;Kos/Asrama
ITERA;3,090000000;Rumah pribadi/rumah keluarga;Rumah Keluarga/Pribadi
ITERA;7,220000000;Kos Sendiri;Kos/Asrama
ITERA;4,850000000;Rumah bersama saudara;Rumah Keluarga/Pribadi
ITERA;2,780000000;Kos Sendiri;Kos/Asrama
ITERA;5,140000000;Kos Sendiri;Kos/Asrama
ITERA;5,240000000;Kos bersama-sama;Kos/Asrama
ITERA;3,030000000;Rumah mengontrak bersama-sama;Rumah Keluarga/Pribadi
ITERA;2,050000000;Kos bersama-sama;Kos/Asrama
ITERA;1,790000000;Kos Sendiri;Kos/Asrama
ITERA;2,890000000;Asrama;Kos/Asrama
ITERA;0,720000000;Kos Sendiri;Kos/Asrama
ITERA;7,120000000;Asrama;Kos/Asrama
ITERA;7,040000000;Rumah pribadi/rumah keluarga;Rumah Keluarga/Pribadi
ITERA;3,570000000;Rumah pribadi/rumah keluarga;Rumah Keluarga/Pribadi
ITERA;3,870000000;Kos Sendiri;Kos/Asrama
ITERA;7,820000000;Rumah mengontrak bersama-sama;Rumah Keluarga/Pribadi
ITERA;5,570000000;Rumah bersama saudara;Rumah Keluarga/Pribadi
ITERA;5,290000000;Kos Sendiri;Kos/Asrama
ITERA;2,780000000;Rumah mengontrak bersama-sama;Rumah Keluarga/Pribadi
ITERA;3,570000000;Kos Sendiri;Kos/Asrama
ITERA;1,780000000;Rumah mengontrak bersama-sama;Rumah Keluarga/Pribadi
ITERA;7,130000000;Kos Sendiri;Kos/Asrama
ITERA;2,120000000;Rumah pribadi/rumah keluarga;Rumah Keluarga/Pribadi
ITERA;3,700000000;Kos Sendiri;Kos/Asrama
ITERA;5,020000000;Kos Sendiri;Kos/Asrama
ITERA;2,750000000;Rumah mengontrak bersama-sama;Rumah Keluarga/Pribadi
ITERA;5,400000000;Kos Sendiri;Kos/Asrama
ITERA;5,680000000;Kos Sendiri;Kos/Asrama
ITERA;5,680000000;Kos bersama-sama;Kos/Asrama
ITERA;3,770000000;Kos Sendiri;Kos/Asrama
ITERA;6,410000000;Kos Sendiri;Kos/Asrama
ITERA;5,800000000;Kos Sendiri;Kos/Asrama
ITERA;5,260000000;Rumah bersama saudara;Rumah Keluarga/Pribadi
ITERA;8,080000000;Kos Sendiri;Kos/Asrama
ITERA;4,750000000;Kos bersama-sama;Kos/Asrama
ITERA;6,950000000;Kos Sendiri;Kos/Asrama
ITERA;3,530000000;Kos Sendiri;Kos/Asrama
ITERA;1,780000000;Rumah mengontrak bersama-sama;Rumah Keluarga/Pribadi
ITERA;2,850000000;Kos Sendiri;Kos/Asrama
ITERA;5,110000000;Kos Sendiri;Kos/Asrama
ITERA;3,700000000;Rumah mengontrak bersama-sama;Rumah Keluarga/Pribadi
ITERA;5,610000000;Kos Sendiri;Kos/Asrama
ITERA;0,440000000;Rumah mengontrak bersama-sama;Rumah Keluarga/Pribadi
ITERA;0,440000000;Asrama;Kos/Asrama
ITERA;2,850000000;Asrama;Kos/Asrama
ITERA;0,220000000;Kos Sendiri;Kos/Asrama
ITERA;5,240000000;Asrama;Kos/Asrama
ITERA;4,810000000;Kos Sendiri;Kos/Asrama
ITERA;6,500000000;Kos Sendiri;Kos/Asrama
ITERA;2,660000000;Rumah mengontrak bersama-sama;Rumah Keluarga/Pribadi
ITERA;5,950000000;Kos Sendiri;Kos/Asrama
ITERA;3,980000000;Rumah mengontrak bersama-sama;Rumah Keluarga/Pribadi
ITERA;3,770000000;Rumah mengontrak bersama-sama;Rumah Keluarga/Pribadi
ITERA;5,610000000;Kos Sendiri;Kos/Asrama
ITERA;5,610000000;Rumah mengontrak bersama-sama;Rumah Keluarga/Pribadi
ITERA;3,660000000;Rumah mengontrak bersama-sama;Rumah Keluarga/Pribadi
ITERA;5,540000000;Kos bersama-sama;Kos/Asrama
ITERA;3,740000000;Rumah bersama saudara;Rumah Keluarga/Pribadi
ITERA;1,780000000;Kos Sendiri;Kos/Asrama
ITERA;3,480000000;Kos Sendiri;Kos/Asrama
ITERA;2,790000000;Kos Sendiri;Kos/Asrama
ITERA;2,890000000;Kos bersama-sama;Kos/Asrama
ITERA;3,770000000;Kos Sendiri;Kos/Asrama
ITERA;0,390000000;Kos Sendiri;Kos/Asrama
ITERA;2,120000000;Asrama;Kos/Asrama
ITERA;1,780000000;Kos bersama-sama;Kos/Asrama
ITERA;5,140000000;Kos Sendiri;Kos/Asrama
ITERA;5,230000000;Kos Sendiri;Kos/Asrama
ITERA;3,030000000;Rumah bersama saudara;Rumah Keluarga/Pribadi
ITERA;0,440000000;Kos bersama-sama;Kos/Asrama
ITERA;1,780000000;Asrama;Kos/Asrama
ITERA;4,140000000;Kos Sendiri;Kos/Asrama
ITERA;3,700000000;Kos Sendiri;Kos/Asrama
ITERA;0,340000000;Kos Sendiri;Kos/Asrama
ITERA;2,750000000;Asrama;Kos/Asrama
ITERA;2,080000000;Kos Sendiri;Kos/Asrama
ITERA;3,570000000;Kos Sendiri;Kos/Asrama
ITERA;3,770000000;Rumah mengontrak bersama-sama;Rumah Keluarga/Pribadi
ITERA;3,570000000;Kos Sendiri;Kos/Asrama
ITERA;8,010000000;Kos Sendiri;Kos/Asrama
ITERA;3,160000000;Rumah pribadi/rumah keluarga;Rumah Keluarga/Pribadi
ITERA;2,780000000;Kos Sendiri;Kos/Asrama
ITERA;5,090000000;Kos Sendiri;Kos/Asrama
ITERA;3,580000000;Rumah pribadi/rumah keluarga;Rumah Keluarga/Pribadi
ITERA;3,770000000;Rumah mengontrak bersama-sama;Rumah Keluarga/Pribadi
ITERA;3,090000000;Kos Sendiri;Kos/Asrama
ITERA;6,950000000;Rumah mengontrak bersama-sama;Rumah Keluarga/Pribadi
