Timestamp;Kampus_PT;Nomor urut;Jenis Kelamin;Umur;Fakultas;Prodi;Tingkat Semester;Uang Saku;kepemilikan mobil;kepemilikan motor;kepemilikan sepeda;kendaraan utama;kelurahan;jenis tempat tinggal;nama jalan tempat tinggal;alasan pemilihan lokasi tempat tinggal;jarak (km);biaya dalam ribu2;Jumlah perjalanan Senin;Jumlah perjalanan Selasa;Jumlah perjalanan Rabu;Jumlah perjalanan Kamis;Jumlah perjalanan Jumat;Jumlah perjalanan Sabtu;Jumlah perjalanan Ahad
23/01/2024 21.07;ITERA;1;Perempuan;21;FTIK;Perencanaan Wilayah dan Kota;4;< 1 jt;2;1;0;Sepeda Motor;Tanjung Seneng;Rumah pribadi/rumah keluarga;Tanjung Seneng;Dekat dengan kampus;6,69;10000;3;3;2;3;3;2;0
28/01/2024 19.38;ITERA;2;Laki-laki;22;FTIK;Perencanaan Wilayah dan Kota;4;1 jt – 2 jt;1;0;0;Sepeda Motor Pribadi;Korpri Jaya;Kos Sendiri;Jl. Pangeran Senopati;Tempat tinggal murah;2,82;21000;2;3;2;2;3;3;2
29/01/2024 16.33;ITERA;3;Perempuan;20;FTIK;Perencanaan Wilayah dan Kota;3;1 jt – 2 jt;1;0;0;Sepeda Motor Pribadi;way huwi;Kos Sendiri;gang pendidikan;dekat dengan kampus;5,17;40000;4;4;5;4;2;2;2
29/01/2024 16.44;ITERA;4;Perempuan;21;FTIK;Perencanaan Wilayah dan Kota;4;< 1 jt;1;0;0;Sepeda Motor Pribadi;Way Dadi;Kos Sendiri;Jl. Parikesit;tempat tinggal murah;6,95;30000;2;3;3;0;2;0;2
29/01/2024 16.57;ITERA;5;Laki-laki;21;FTIK;Perencanaan Wilayah dan Kota;4;1 jt – 2 jt;1;0;0;Sepeda Motor Pribadi;sukarame;Rumah mengontrak bersama-sama;Jl. Satria;biaya tempat tinggal murah;5,57;25000;0;3;0;2;3;2;0
29/01/2024 17.11;ITERA;6;Laki-laki;21;FTIK;Perencanaan Wilayah dan Kota;4;1 jt – 2 jt;1;0;0;Sepeda Motor Pribadi;way huwi;Kos Sendiri;jl. way huwi;dekat dengan kampus;4,75;40000;2;3;5;2;3;2;0
29/01/2024 17.38;ITERA;7;Perempuan;21;FTIK;Perencanaan Wilayah dan Kota;4;1 jt – 2 jt;1;1;1;Sepeda Motor Pribadi;Jl. Pulau Morotai;Rumah pribadi/rumah keluarga;jagabaya 2;tinggal sama keluarga;8,27;30000;0;3;0;3;2;2;2
29/01/2024 20.06;ITERA;8;Perempuan;20;FTIK;Perencanaan Wilayah dan Kota;2;< 1 jt;0;0;0;Kendaraan Bermotor (menumpang dengan keluarga/teman);Way Huwi;Rumah mengontrak bersama-sama;Jl. Durian 8;Dekat dengan kampus;3,7;0;5;4;2;2;4;0;3
29/01/2024 20.19;ITERA;9;Perempuan;21;FTIK;Perencanaan Wilayah dan Kota;4;3,1 jt – 4 jt;0;1;0;Mobil Pribadi;Way Huwi;Kos Sendiri;Gg. Perwira 1;dekat dengan kampus;3,77;100000;0;3;2;2;0;2;2
29/01/2024 20.43;ITERA;10;Laki-laki;22;FTIK;Perencanaan Wilayah dan Kota;4;1 jt – 2 jt;1;0;0;Mobil Pribadi;Korpri Jaya;Kos Sendiri;Jl. Nangka 3;dekat dengan kampus;2,08;30000;3;2;3;0;2;0;2
29/01/2024 21.01;ITERA;11;Perempuan;21;FTIK;Perencanaan Wilayah dan Kota;4;1 jt – 2 jt;1;0;0;Sepeda Motor Pribadi;waydadi;Kos Sendiri;Jl. Teratai;lebih dekat dengan pusat perbelanjaan dan pusat kota, sehingga lebih mudah untuk bepergian;6,63;20000;2;3;4;1;1;1;1
29/01/2024 21.08;ITERA;12;Perempuan;19;FTIK;Perencanaan Wilayah dan Kota;2;< 1 jt;1;0;1;Sepeda Motor Pribadi;Sukarame;Rumah pribadi/rumah keluarga;Jl. Sebesi;dengan keluarga;4,4;45000;4;2;2;4;2;0;1
29/01/2024 21.22;ITERA;13;Perempuan;20;FTIK;Perencanaan Wilayah dan Kota;2;< 1 jt;1;0;0;Sepeda Motor Pribadi;Kota Baru;Rumah pribadi/rumah keluarga;Jl.P.Kemerdekaan ;Karena saya asli orang Bandar Lampung ;10,69;62000;4;4;4;4;4;0;0
29/01/2024 21.26;ITERA;14;Perempuan;18;FTIK;Perencanaan Wilayah dan Kota;2;1 jt – 2 jt;1;0;0;Sepeda Motor Pribadi;Desa Way Huwi;Kos Sendiri;Jl.Durian 8;Dekat kampus, tempat tinggal nyaman;3,7;30000;5;2;2;3;2;0;2
29/01/2024 21.30;ITERA;15;Perempuan;21;FTIK;Perencanaan Wilayah dan Kota;4;< 1 jt;1;0;0;Sepeda Motor Pribadi;Way Huwi, Jati Agung ;Rumah mengontrak bersama-sama;Gang madrasah 7;Biaya tempat tinggal murah ;6,09;33000;4;6;4;6;4;4;4
29/01/2024 21.34;ITERA;16;Perempuan;21;FTIK;Perencanaan Wilayah dan Kota;4;1 jt – 2 jt;0;0;0;Transportasi Online;Desa Way Hui;Rumah mengontrak bersama-sama;Jalan durian 12 Perumahan PEMDA;Biaya tempat tinggal murah;3,92;20000;2;2;2;2;2;2;3
29/01/2024 21.38;ITERA;17;Perempuan;20;FTIK;Perencanaan Wilayah dan Kota;2;1 jt – 2 jt;1;0;1;Sepeda Motor Pribadi;Sukarame;Kos Sendiri;Jl. matahari, korpri harapan jaya kecamatan sukarame;Lingkungan aman dan strategis;3,47;400000;2;3;3;0;0;2;4
29/01/2024 21.45;ITERA;18;Perempuan;21;FTIK;Perencanaan Wilayah dan Kota;4;1 jt – 2 jt;1;0;0;Sepeda Motor Pribadi;Way huwi;Kos bersama-sama;Jl.Kelengkeng III;Dekat dengan kampus dan kuliner;3,55;40000;2;2;2;2;2;0;3
29/01/2024 21.47;ITERA;19;Perempuan;21;FTIK;Perencanaan Wilayah dan Kota;4;< 1 jt;2;0;0;Sepeda Motor Pribadi;Sukabumi;Rumah pribadi/rumah keluarga;Jl. Pulau Singkep GG Tangkil, GG Damaido 27, Sukabumi, Bandar Lampung;Lingkungan aman nyaman, dekat dengan kampus, dan rumah keluarga;6,35;30000;0;2;2;0;0;2;2
29/01/2024 21.58;ITERA;20;Perempuan;21;FTIK;Perencanaan Wilayah dan Kota;4;2,1 jt – 3 jt;0;0;0;Kendaraan Bermotor (menumpang dengan keluarga/teman);Korpri Raya;Kos Sendiri;Jl. Nangka IV;Dekat dengan kampus;1,76;0;0;3;3;3;3;3;3
29/01/2024 22.03;ITERA;21;Perempuan;22;FTIK;Perencanaan Wilayah dan Kota;4;< 1 jt;2;1;1;Sepeda Motor Pribadi;Korpri Raya;Rumah pribadi/rumah keluarga;Jl. Satria Raya;Dengan keluarga;5,54;30000;1;1;1;1;1;1;1
29/01/2024 22.07;ITERA;22;Laki-laki;21;FTIK;Perencanaan Wilayah dan Kota;4;> 4 jt;1;0;0;Sepeda Motor Pribadi;Korpri Raya;Kos Sendiri;Jl. Nangka 4;Deket dengan kampus (sebenarnya lu tau kan vin karena pengen deket aurel aja gua milih kosan);1,76;75000;3;3;3;3;3;0;2
29/01/2024 22.14;ITERA;24;Perempuan;21;FTIK;Perencanaan Wilayah dan Kota;4;< 1 jt;2;0;1;Transportasi Online;Kelurahan Tanjung Raya;Rumah pribadi/rumah keluarga;Jl. Jati Dalam No 74, Kel. Tanjung Raya, Kec. kedamaian ;Dengan keluarga ;10,32;50000;0;4;3;0;1;0;0
29/01/2024 22.08;ITERA;23;Perempuan;22;FTIK;Teknik Geomatika;4;3,1 jt – 4 jt;2;1;0;Sepeda Motor Pribadi;Tanjung Raya;Rumah pribadi/rumah keluarga;Jl. Bakau gg. Akper;Bersama keluarga dan lingkungan cukup aman dan strategis ;10,44;100000;3;4;3;4;4;4;2
29/01/2024 22.23;ITERA;27;Perempuan;21;FTIK;Perencanaan Wilayah dan Kota;4;2,1 jt – 3 jt;1;0;1;Sepeda Motor Pribadi;Korpri Raya;Kos Sendiri;Jl. pulau pisang;dekat dengan kampus;3,03;28000;2;4;0;3;2;0;0
29/01/2024 22.21;ITERA;25;Laki-laki;21;FTIK;Teknik Geomatika;4;1 jt – 2 jt;1;0;1;Sepeda Motor Pribadi;Sukabumi;Rumah bersama saudara;Jl. Pulau Bangka No.28, Sukabumi, Kec. Sukabumi, Kota Bandar Lampung, Lampung 35122;dengan keluarga dan lingkungan aman;6,39;50000;5;5;5;5;6;5;5
29/01/2024 22.23;ITERA;26;Perempuan;21;FTIK;Teknik Geomatika;4;< 1 jt;1;0;0;Sepeda Motor Pribadi;Kedamaian;Rumah pribadi/rumah keluarga;Jl. Perwira II No.3 Tanjung Baru, Kedamaian, Bandar Lampung;tinggal dengan keluarga;7,93;50000;2;2;0;3;3;2;0
29/01/2024 22.31;ITERA;28;Perempuan;21;FTIK;Perencanaan Wilayah dan Kota;4;< 1 jt;0;0;0;Transportasi Online;Way Huwi;Rumah mengontrak bersama-sama;Jl. Airan 1;Karena biaya tinggal murah;5,03;80000;2;2;2;2;2;2;3
29/01/2024 22.31;ITERA;29;Laki-laki;19;FTIK;Perencanaan Wilayah dan Kota;2;1 jt – 2 jt;1;0;0;Sepeda Motor Pribadi;Kelurahan Korpri Jaya;Kos Sendiri;Jl. Pangeran Senopati Raya;dekat dengan kampus;2,39;54000;4;3;3;4;4;4;3
29/01/2024 23.02;ITERA;33;Perempuan;22;FTIK;Perencanaan Wilayah dan Kota;4;1 jt – 2 jt;1;0;0;Sepeda Motor Pribadi;Airan raya;Rumah mengontrak bersama-sama;Jl airan raya;Biaya tempat tinggal murah;4,8;30000;3;3;3;3;3;3;2
29/01/2024 22.36;ITERA;30;Perempuan;21;FTIK;Teknik Geomatika;4;1 jt – 2 jt;1;0;0;Sepeda Motor Pribadi;way hui;Kos Sendiri;jl manggis 2;dekat dengan kampus;3,52;60000;3;3;3;2;3;3;4
29/01/2024 22.40;ITERA;31;Perempuan;22;FS;Farmasi;4;< 1 jt;0;0;0;Transportasi Online;Way Huwi;Rumah mengontrak bersama-sama;Jl. Manggis Raya Perumahan Pemda ;Dekat dari kampus;3,56;100000;2;2;2;2;4;0;2
29/01/2024 23.32;ITERA;35;Laki-laki;21;FTIK;Perencanaan Wilayah dan Kota;4;1 jt – 2 jt;1;0;0;Sepeda Motor Pribadi;Way Huwi/Airan;Kos Sendiri;Jl. Way Huwi;dekat dengan kampus;4,61;50000;4;4;3;4;6;4;5
29/01/2024 23.11;ITERA;34;Laki-laki;21;FTI;Teknik Industri;3;1 jt – 2 jt;1;0;0;Sepeda Motor Pribadi;Harapan Jaya;Kos Sendiri;Jl. Hasan 4;Lingkungan sejuk;4,75;50000;0;0;0;3;6;0;7
30/01/2024 08.22;ITERA;37;Perempuan;20;FTIK;Perencanaan Wilayah dan Kota;4;1 jt – 2 jt;1;0;1;Sepeda Motor Pribadi;Fajar Baru;Rumah pribadi/rumah keluarga;Jl. R.A Basyid;dengan keluarga;5,4;30000;0;2;3;0;5;0;2
30/01/2024 00.30;ITERA;36;Laki-laki;21;FTIK;Teknik Geomatika;4;1 jt – 2 jt;1;0;0;Sepeda Motor Pribadi;Way Huwi;Kos Sendiri;Gg. Mawar raya;Dekat dengan kampus;9,63;30000;4;4;4;4;5;4;0
30/01/2024 11.01;ITERA;38;Laki-laki;20;FTIK;Perencanaan Wilayah dan Kota;4;1 jt – 2 jt;1;0;0;Sepeda Motor Pribadi;Way Huwi;Rumah mengontrak bersama-sama;Jl Raden Saleh ;Murah;5,4;30000;4;0;4;2;0;0;0
30/01/2024 11.14;ITERA;41;Perempuan;21;FTIK;Perencanaan Wilayah dan Kota;4;1 jt – 2 jt;1;0;0;Sepeda Motor Pribadi;Korpri;Kos Sendiri;Gang nangka 4;Strategis lokasinya, murah, nyaman, lingkungan aman;12,19;25000;2;2;2;2;2;2;2
30/01/2024 11.04;ITERA;39;Laki-laki;21;FTIK;Teknik Kelautan;4;< 1 jt;0;0;1;Kendaraan Bermotor (menumpang dengan keluarga/teman);Way Huwi, Jati Agung, Lampung Selatan;Rumah mengontrak bersama-sama;Jl. Raden Saleh;Murah dan dekat dengan kampus ;3,81;0;3;3;3;3;3;0;0
30/01/2024 11.09;ITERA;40;Perempuan;21;FTI;Teknik Informatika;4;1 jt – 2 jt;1;0;0;Sepeda Motor Pribadi;Wayhuwi;Kos Sendiri;jl. lapas narkoba gang setia;lingkungan yang nyaman sepi dan tentram;1,78;25000;1;1;1;1;1;1;1
30/01/2024 11.18;ITERA;42;Perempuan;21;FTIK;Perencanaan Wilayah dan Kota;4;2,1 jt – 3 jt;3;3;3;Mobil Pribadi;Kelurahan Langkapura Baru;Rumah pribadi/rumah keluarga;Jalan Batukalam Gang Bukit III;dengan keluarga dan lingkungan yg cukup nyaman;5,46;200000;0;3;4;3;3;0;2
30/01/2024 11.24;ITERA;43;Perempuan;20;FS;Sains Aktuaria;4;1 jt – 2 jt;0;0;0;Transportasi Online;Way Huwi;Kos Sendiri;Jl. Airan Raya;dekat dengan kampus, lingkungan tentram dan tidak padat.;3,7;60000;2;0;0;0;3;0;2
30/01/2024 11.28;ITERA;44;Perempuan;21;FTIK;Perencanaan Wilayah dan Kota;4;< 1 jt;0;0;0;Transportasi Online;Way huwi;Kos Sendiri;Jl. Lapas raya;Dekat dengan kampus ;4,98;30000;0;3;3;0;0;0;0
30/01/2024 12.01;ITERA;45;Laki-laki;21;FTI;Teknik Informatika;4;2,1 jt – 3 jt;1;0;0;Sepeda Motor Pribadi;Sukarame;Kos bersama-sama;JL. Pulau Bawean;dekat dengan masjid;14,12;40000;4;3;3;4;3;4;4
30/01/2024 12.40;ITERA;46;Perempuan;21;FTIK;Perencanaan Wilayah dan Kota;4;2,1 jt – 3 jt;2;0;0;Sepeda Motor Pribadi;Kupang Kota;Rumah pribadi/rumah keluarga;Jl. Gunung Krakatau;Tinggal bersama keluarga;8,56;50000;2;2;2;2;0;0;0
30/01/2024 12.44;ITERA;47;Laki-laki;22;FTI;Teknik Informatika;4;1 jt – 2 jt;2;1;0;Sepeda Motor Pribadi;Pematang Wangi;Rumah pribadi/rumah keluarga;Jl.Muh.Yunus;dengan keluarga;35,18;35000;4;3;2;4;4;2;2
30/01/2024 12.59;ITERA;48;Perempuan;19;FTIK;Perencanaan Wilayah dan Kota;2;< 1 jt;1;0;1;Sepeda Motor Pribadi;tegineneng, pesawaran lampung;Rumah pribadi/rumah keluarga;jl. gedung gumanti induk;dekat dengan keluarga;7,89;150000;1;1;1;1;1;1;1
30/01/2024 16.07;ITERA;49;Perempuan;21;FTIK;Perencanaan Wilayah dan Kota;4;< 1 jt;1;0;0;Sepeda Motor Pribadi;Tanjung Seneng;Rumah pribadi/rumah keluarga;Jl Durian 1 ;Karna dekat kampus dan rumah keluarga;3,91;50000;0;2;3;0;0;0;0
30/01/2024 16.57;ITERA;50;Perempuan;21;FS;Matematika;4;1 jt – 2 jt;0;0;0;Transportasi Online;Way Huwi;Rumah mengontrak bersama-sama;Jln. Manggis Raya Block C. No. 69b, Perumahan Pemda, Way Huwi;Karena udah dipilihin sama teman untuk kontrakannya sendiri dan lingkungannya aman;12,41;30000;0;0;2;2;0;0;4
30/01/2024 17.48;ITERA;51;Perempuan;21;FS;Matematika;4;< 1 jt;0;0;0;Kendaraan Bermotor (menumpang dengan keluarga/teman);Sinar Banten Sidosari;Rumah pribadi/rumah keluarga;jl. Syafei Sinar Banten Sidosari gg.Mawar 1 no.19, kec.Natar, kabupaten lampung selatan, lampung;dengan keluarga;3,95;0;0;0;3;1;0;0;0
30/01/2024 18.44;ITERA;52;Perempuan;22;FTIK;Perencanaan Wilayah dan Kota;4;< 1 jt;0;0;0;Transportasi Online;Desa Way Huwi;Kos Sendiri;Jl. Kelengkeng 11;Sepi;7,5;50000;2;2;2;0;0;0;0
30/01/2024 19.01;ITERA;53;Laki-laki;21;FTI;Teknik Informatika;4;1 jt – 2 jt;1;0;0;Sepeda Motor Pribadi;Sepang Jaya ;Rumah bersama saudara;Jl. Sultan H No. 45 ;Ya memang tempat tinggal aja keluarga ;13,56;100000;4;4;4;4;5;0;0
30/01/2024 20.09;ITERA;54;Perempuan;21;FTIK;Perencanaan Wilayah dan Kota;4;< 1 jt;1;1;0;Sepeda Motor Pribadi;kemiling raya;Rumah pribadi/rumah keluarga;JL. R. I. KESUMA GG. SISWA;dengan keluarga;9,28;30000;4;4;4;4;2;2;2
30/01/2024 20.56;ITERA;55;Perempuan;21;FTIK;Perencanaan Wilayah dan Kota;4;1 jt – 2 jt;2;2;0;Sepeda Motor Pribadi;Kelurahan Segala Mider;Rumah pribadi/rumah keluarga;Jl. Panglima Polim;Dengan keluarga;5,87;50000;3;3;5;4;2;4;3
01/02/2024 20.08;ITERA;56;Laki-laki;22;FTIK;Perencanaan Wilayah dan Kota;4;1 jt – 2 jt;1;0;0;Sepeda Motor Pribadi;Way Hui;Rumah mengontrak bersama-sama;Jalan Raden Saleh, gang dahlia 5;Biaya murah;3,7;200000;4;3;3;2;2;3;2
04/02/2024 13.56;ITERA;57;Perempuan;21;FTI;Rekayasa Kehutanan;3;< 1 jt;1;0;1;Sepeda Motor Pribadi;Way Huwi;Kos Sendiri;Jl. Lapas Raya;Murah;5,5;25000;3;3;4;2;5;4;2
04/02/2024 14.07;ITERA;58;Perempuan;20;FTIK;Perencanaan Wilayah dan Kota;3;< 1 jt;0;0;0;Kendaraan Bermotor (menumpang dengan keluarga/teman);Kelurahan Korpri Raya;Rumah mengontrak bersama-sama;Jl.Satria 3;Biaya tempat tinggal murah, lingkungan aman, dekat dengan teman;4,04;0;4;2;2;5;2;2;2
04/02/2024 15.10;ITERA;59;Laki-laki;22;FTI;Teknik Informatika;4;< 1 jt;0;0;0;Kendaraan Bermotor (menumpang dengan keluarga/teman);marga agung, jati agung, lampung selatan;Rumah pribadi/rumah keluarga;perumaha damai lestari residence 3, Marga Agung, Jati Agung, South Lampung Regency, Lampung 35365;rumah keluarga;9,79;20000;3;2;2;2;4;0;0
04/02/2024 18.23;ITERA;60;Laki-laki;22;FTIK;Perencanaan Wilayah dan Kota;3;1 jt – 2 jt;2;1;0;Sepeda Motor Pribadi;Tanjung karang timur ;Rumah pribadi/rumah keluarga;Jl hibrida;Dengan keluarga ;5,4;100000;4;4;4;4;7;0;0
04/02/2024 19.27;ITERA;61;Perempuan;21;FTI;Teknik Telekomunikasi;4;< 1 jt;0;0;0;Kendaraan Bermotor (menumpang dengan keluarga/teman);way Hui ;Kos bersama-sama;jln. airan ;tempat nyaman, harga terjangkau ;7,41;15000;1;1;0;0;2;1;1
04/02/2024 19.32;ITERA;62;Perempuan;21;FTI;Teknik Pertambangan;4;< 1 jt;2;0;1;Sepeda Motor Pribadi;Tanjung Senang/Tanjung Senang;Rumah bersama saudara;Jl. Cemara Raya Tanjung Senang;Tinggal dengan keluarga sudah lama disitu;3,47;50000;3;3;3;3;4;0;0
04/02/2024 21.33;ITERA;63;Perempuan;21;FS;Biologi;4;1 jt – 2 jt;1;0;0;Sepeda Motor Pribadi;Way Huwi;Kos Sendiri;Jl. Manggis 6;dekat dengan kampus;3,84;20000;2;3;0;3;2;4;2
04/02/2024 21.39;ITERA;64;Perempuan;21;FS;Biologi;4;< 1 jt;1;0;0;Sepeda Motor Pribadi;Way Huwi;Kos Sendiri;Jl. Kelengkeng 9;biaya kosan murah;3,82;25000;2;2;2;0;2;0;2
04/02/2024 21.48;ITERA;65;Perempuan;21;FS;Biologi;4;< 1 jt;1;0;0;Transportasi Online;Way Huwi;Kos Sendiri;Gg. Poncowati;dekat dengan kampus dan biaya murah;2,24;40000;2;3;3;2;0;2;0
04/02/2024 22.06;ITERA;66;Perempuan;22;FS;Biologi;4;1 jt – 2 jt;1;0;0;Sepeda Motor Pribadi;korpri jaya;Kos Sendiri;Jl. Nangka I;deket kampus;5,14;40000;3;2;4;3;2;0;4
04/02/2024 22.25;ITERA;67;Laki-laki;22;FS;Matematika;4;1 jt – 2 jt;1;0;1;Sepeda Motor Pribadi;Gg. Pendidikan;Kos Sendiri;Gg. Pendidikan;dekat dengan kampus;3,7;30000;0;2;2;0;2;0;0
04/02/2024 22.31;ITERA;68;Laki-laki;21;FS;Matematika;4;< 1 jt;0;0;1;Sepeda;Jl. Lapas Raya;Rumah mengontrak bersama-sama;Way Huwi;diajak oleh teman dan biaya murah;3,57;0;0;3;2;0;3;0;0
04/02/2024 22.50;ITERA;69;Perempuan;21;FS;Biologi;4;1 jt – 2 jt;1;0;0;Sepeda Motor Pribadi;Way Huwi;Kos Sendiri;Jl. Durian 4;dekat kampus;3,72;20000;3;0;2;2;0;5;0
04/02/2024 23.11;ITERA;70;Laki-laki;21;FS;Farmasi;4;< 1 jt;0;0;0;Kendaraan Bermotor (menumpang dengan keluarga/teman);Way Huwi;Rumah mengontrak bersama-sama;Jl. Kelengkeng 7;murah karna bareng teman;3,65;0;3;3;0;2;2;0;2
04/02/2024 23.23;ITERA;71;Perempuan;21;FS;Biologi;4;1 jt – 2 jt;1;0;0;Sepeda Motor Pribadi;Korpri Jaya;Rumah mengontrak bersama-sama;Jl. Mawar Merah;biaya murah karna ngontrak bareng temen;5,14;30000;2;2;0;2;2;0;3
04/02/2024 23.34;ITERA;72;Perempuan;21;FS;Matematika;4;< 1 jt;1;0;0;Sepeda Motor Pribadi;Way Huwi;Rumah mengontrak bersama-sama;Gg. Anggrek;Murah karna bareng temen;5,59;25000;2;3;4;0;0;0;0
04/02/2024 23.40;ITERA;73;Perempuan;22;FS;Matematika;4;1 jt – 2 jt;1;0;0;Sepeda Motor Pribadi;Way Huwi;Kos Sendiri;Gg. Andalas II;Dekat dengan kampus;2,76;35000;0;0;2;2;4;0;0
04/02/2024 23.57;ITERA;74;Laki-laki;22;FTI;Teknik Informatika;4;1 jt – 2 jt;1;0;0;Sepeda Motor Pribadi;Korpri Jaya;Kos Sendiri;Gg. Pembangunan;biaya kosan murah;6,83;40000;4;2;3;0;2;2;0
05/02/2024 00.25;ITERA;75;Laki-laki;21;FTI;Teknik Informatika;4;1 jt – 2 jt;1;0;0;Sepeda Motor Pribadi;Way Dadi;Rumah mengontrak bersama-sama;Gg. Perintis E1;Biaya tempat tinggal murah;5,01;50000;2;3;3;4;5;0;0
05/02/2024 00.37;ITERA;76;Laki-laki;21;FTI;Teknik Informatika;4;2,1 jt – 3 jt;2;1;0;Sepeda Motor Pribadi;Sukarame Baru;Rumah pribadi/rumah keluarga;Jl. Murai;Lingkungan aman karna perumahan;2,26;50000;2;2;3;5;4;4;0
05/02/2024 00.46;ITERA;77;Laki-laki;22;FS;Matematika;4;2,1 jt – 3 jt;1;0;0;Sepeda Motor Pribadi;Korpri Jaya;Kos Sendiri;Blk. D4-D5;lingkungan aman karna gang di portal jika jam sudah malam;3,58;30000;2;3;4;0;2;0;0
05/02/2024 00.55;ITERA;78;Laki-laki;21;FS;Matematika;4;< 1 jt;1;0;0;Sepeda Motor Pribadi;Way Huwi;Rumah mengontrak bersama-sama;Jl. Durian 5;kontrakan biaya yang murah;5,46;30000;0;2;3;2;3;0;2
05/02/2024 09.50;ITERA;79;Perempuan;21;FS;Sains Aktuaria;3;2,1 jt – 3 jt;1;0;0;Sepeda Motor Pribadi;Way Huwi;Kos Sendiri;Jl. Airan Raya;lingkungan aman, jalannya bagus, kostnya aestethic;6,89;25000;2;3;2;3;2;2;2
05/02/2024 10.02;ITERA;80;Perempuan;23;FTIK;Perencanaan Wilayah dan Kota;4;1 jt – 2 jt;1;1;1;Transportasi Online;Sukabumi Indah;Rumah pribadi/rumah keluarga;Perum Karunia Indah Blok O No 14, Sukabumi Indah, Bandar Lampung;Dengan Keluarga;5,23;144000;2;2;2;2;2;2;2
05/02/2024 10.21;ITERA;81;Perempuan;21;FTI;Teknologi Pangan;4;1 jt – 2 jt;1;0;0;Sepeda Motor Pribadi;Way huwi, jl airan 1;Kos Sendiri;Jl. Airan 1, GG. Merpati (Sheza House);Dekat kampus ;6,34;25000;5;5;5;5;2;3;2
05/02/2024 13.59;ITERA;82;Laki-laki;21;FTIK;Perencanaan Wilayah dan Kota;4;1 jt – 2 jt;1;0;0;Sepeda Motor Pribadi;Harapan Jaya;Rumah mengontrak bersama-sama;Jl. Surya alam 2;lingkungan nyaman,biaya terjangkau,dekat dengan kampus;3,7;70000;4;4;6;4;4;4;4
05/02/2024 14.26;ITERA;83;Laki-laki;20;FTI;Teknik Industri;3;2,1 jt – 3 jt;1;0;1;Sepeda Motor Pribadi;Way Huwi;Kos Sendiri;Jl. Lapas Raya ;dekat kampus, kost estetik;2,79;100000;3;3;3;4;5;4;5
05/02/2024 20.21;ITERA;84;Laki-laki;21;FS;Fisika;3;1 jt – 2 jt;1;0;1;Sepeda Motor Pribadi;Harapan Jaya;Rumah mengontrak bersama-sama;jl. veteran 1;kontrakan bagus dan kamar nya banyak;2,79;30000;3;2;3;3;2;0;2
05/02/2024 20.31;ITERA;85;Laki-laki;21;FS;Fisika;3;1 jt – 2 jt;0;0;0;Kendaraan Bermotor (menumpang dengan keluarga/teman);harapan jaya;Rumah mengontrak bersama-sama;jl. veteran 1;diajak oleh teman dan biaya murah;5,27;0;3;2;4;3;2;2;2
05/02/2024 20.42;ITERA;86;Laki-laki;21;FS;Fisika;3;1 jt – 2 jt;1;0;0;Sepeda Motor Pribadi;Way Huwi;Kos Sendiri;Jl. Sadar;Dekat dengan kampus dan aman karna pagar kosan tinggi;3,7;40000;2;4;2;3;2;5;0
05/02/2024 20.56;ITERA;87;Perempuan;22;FS;Kimia;4;< 1 jt;1;0;0;Sepeda Motor Pribadi;Way Huwi;Kos Sendiri;Jl. Lapas Raya;dekat dengan kampus;7,9;20000;2;0;3;2;0;2;0
05/02/2024 21.06;ITERA;88;Laki-laki;22;FTIK;Perencanaan Wilayah dan Kota;4;1 jt – 2 jt;1;0;0;Sepeda Motor Pribadi;Kelurahan Pematang Wangi;Rumah mengontrak bersama-sama;Jl. Tanjung Setia;lingkungan aman dan nyaman;2,76;50000;4;4;4;5;5;4;4
05/02/2024 21.07;ITERA;89;Laki-laki;22;FS;Kimia;4;1 jt – 2 jt;1;0;0;Sepeda Motor Pribadi;Harapan Jaya;Kos Sendiri;Gg. Pembangunan;diajak satu tempat kos dengan teman;9,41;45000;3;0;2;2;3;0;2
05/02/2024 21.20;ITERA;90;Laki-laki;22;FS;Sains Lingkungan Kelautan;4;1 jt – 2 jt;2;0;1;Sepeda Motor Pribadi;Kota Baru;Rumah pribadi/rumah keluarga;Jl. Gajah Mada;bersama keluarga;7,07;60000;2;3;2;3;2;2;2
05/02/2024 21.36;ITERA;91;Perempuan;21;FS;Kimia;4;1 jt – 2 jt;2;1;1;Sepeda Motor Pribadi;Perumnas Way Kandis;Rumah pribadi/rumah keluarga;Jl. Bunga Sepatu 7;tinggal dengan keluarga;8,19;30000;3;0;2;0;2;0;2
05/02/2024 21.46;ITERA;92;Laki-laki;21;FS;Sains Lingkungan Kelautan;4;< 1 jt;1;0;0;Sepeda Motor Pribadi;Way Dadi;Rumah mengontrak pribadi;Jl. Ridwan Rais;biaya murah karna bareng dengan teman;3,9;50000;3;2;2;2;5;0;2
05/02/2024 21.55;ITERA;93;Laki-laki;22;FS;Sains Lingkungan Kelautan;4;1 jt – 2 jt;1;0;0;Sepeda Motor Pribadi;Way Huwi;Rumah mengontrak bersama-sama;Blk. D;dekat dengan kampus dan tempat makan;3,48;40000;2;2;0;2;2;3;2
05/02/2024 22.09;ITERA;94;Laki-laki;22;FS;Kimia;4;2,1 jt – 3 jt;1;0;0;Sepeda Motor Pribadi;Harapan Jaya;Kos Sendiri;Jl. Matahari;Kosan bagus dan nyaman;3,7;40000;0;2;2;2;3;0;5
05/02/2024 22.18;ITERA;95;Laki-laki;21;FS;Sains Aktuaria;4;1 jt – 2 jt;1;0;0;Sepeda Motor Pribadi;Way Huwi;Kos Sendiri;Jl. Lapas Raya;dekat dengan kampus;3,3;35000;3;0;2;2;3;0;5
05/02/2024 22.25;ITERA;96;Laki-laki;21;FS;Sains Aktuaria;4;< 1 jt;0;0;1;Sepeda;Way Huwi;Rumah mengontrak bersama-sama;Jl. Manggis 4;dengan teman dan biaya murah;2,66;0;2;2;0;0;4;0;2
05/02/2024 22.27;ITERA;97;Laki-laki;21;FTI;Teknik Mesin;4;1 jt – 2 jt;1;0;0;Sepeda Motor Pribadi;Harapan Jaya;Rumah mengontrak bersama-sama;Jl. Kresna;Diajak bareng oleh teman;3,73;20000;3;4;2;0;2;2;0
05/02/2024 22.45;ITERA;98;Laki-laki;21;FS;Kimia;3;1 jt – 2 jt;1;0;0;Sepeda Motor Pribadi;Way Huwi;Kos Sendiri;Jl. Durian 7;dekat kampus;2,66;30000;3;2;4;2;3;0;0
05/02/2024 22.50;ITERA;99;Laki-laki;22;FTI;Teknik Mesin;4;1 jt – 2 jt;1;0;0;Sepeda Motor Pribadi;Harapan Jaya;Rumah mengontrak bersama-sama;Jl. Kresna;Diajakin temen;3,84;45000;4;3;2;0;4;2;0
05/02/2024 22.58;ITERA;100;Laki-laki;22;FS;Kimia;4;1 jt – 2 jt;1;0;0;Sepeda Motor Pribadi;Way Huwi;Kos Sendiri;Jl. Kelengkeng Raya;biaya murah;2,66;40000;3;3;2;2;4;0;4
05/02/2024 23.03;ITERA;101;Laki-laki;21;FTI;Teknik Mesin;4;1 jt – 2 jt;1;0;0;Sepeda Motor Pribadi;Harapan Jaya;Rumah mengontrak bersama-sama;Jl. Kresna;Diajak temen;5,84;40000;0;3;4;4;2;2;2
05/02/2024 23.16;ITERA;102;Laki-laki;21;FS;Sains Aktuaria;4;< 1 jt;0;0;0;Kendaraan Bermotor (menumpang dengan keluarga/teman);Way Huwi;Rumah mengontrak bersama-sama;Jl. Swadaya;murah dan kamar mencukupi untuk bersama;6,78;15000;2;0;2;2;2;0;0
05/02/2024 23.31;ITERA;103;Laki-laki;20;FTI;Teknik Fisika;3;1 jt – 2 jt;1;0;0;Sepeda Motor Pribadi;Way Dadi;Kos Sendiri;Jl. Darussalam;Harga terjangkau;2,11;40000;4;4;4;4;3;0;0
05/02/2024 23.54;ITERA;104;Laki-laki;22;FTIK;Arsitektur;4;1 jt – 2 jt;1;0;0;Sepeda Motor Pribadi;Harapan Jaya;Kos Sendiri;Gg. Parsidi;Murah terjangkau;3,48;0;2;5;2;0;3;0;2
06/02/2024 00.02;ITERA;105;Laki-laki;22;FTI;Teknik Industri;4;1 jt – 2 jt;1;0;0;Sepeda Motor Pribadi;Harapan Jaya;Kos Sendiri;Jl. Matahari;Rekomendasi orang tua;3,96;30000;2;0;0;0;2;0;2
06/02/2024 00.33;ITERA;106;Laki-laki;21;FTI;Teknik Industri;3;1 jt – 2 jt;0;0;0;Kendaraan Bermotor (menumpang dengan keluarga/teman);Way Dadi;Rumah mengontrak bersama-sama;Jl. Nusa 2;Diajak teman karna biaya murah;5,03;25000;2;4;4;4;2;2;0
06/02/2024 09.53;ITERA;107;Laki-laki;21;FTI;Teknologi Pangan;4;1 jt – 2 jt;0;0;0;Transportasi Online;way huwi;Kos Sendiri;jl. airan 1;dekat dengan kampus dan biayanya murah;3,7;100000;2;1;3;0;1;1;0
06/02/2024 13.02;ITERA;108;Perempuan;21;FS;Farmasi;3;< 1 jt;1;0;0;Sepeda Motor Pribadi;Way Huwi;Kos Sendiri;jl. lapas raya;dekat kampus dan murah;4,61;40000;2;2;2;2;0;0;2
06/02/2024 13.11;ITERA;109;Perempuan;22;FS;Kimia;3;1 jt – 2 jt;0;0;0;Transportasi Online;Way Huwi;Kos Sendiri;gg. mawar raya;dekat kampus dan banyak tempat makan;2,24;50000;2;3;3;2;2;0;2
06/02/2024 13.24;ITERA;110;Perempuan;21;FS;Kimia;3;1 jt – 2 jt;1;0;0;Sepeda Motor Pribadi;Harapan Jaya;Kos Sendiri;Jl. Nangka I;fasilitas kosan lengkap;4,88;30000;4;2;2;2;2;2;0
06/02/2024 13.42;ITERA;111;Laki-laki;22;FTIK;Teknik Kelautan;4;1 jt – 2 jt;1;0;0;Sepeda Motor Pribadi;harapan jaya;Rumah mengontrak bersama-sama;jl. hasan raya;murah bersama teman;4,88;50000;3;2;3;2;5;0;2
06/02/2024 13.48;ITERA;112;Laki-laki;22;FTIK;Teknik Kelautan;4;1 jt – 2 jt;0;0;0;Kendaraan Bermotor (menumpang dengan keluarga/teman);Harapan Jaya;Rumah mengontrak bersama-sama;Jl. Hasan Raya;dengan teman;4,87;10000;3;2;2;2;4;0;0
06/02/2024 13.55;ITERA;113;Laki-laki;21;FTIK;Teknik Kelautan;4;1 jt – 2 jt;1;0;0;Sepeda Motor Pribadi;Harapan Jaya;Rumah mengontrak bersama-sama;Jalan Hasan Raya;Bersama teman seprodi;5,03;40000;2;2;2;2;4;2;0
06/02/2024 14.20;ITERA;114;Perempuan;21;FS;Farmasi;4;1 jt – 2 jt;0;0;0;Transportasi Online;Way Huwi;Kos Sendiri;Jl. Airan 1;dekat kampus;5,27;50000;2;2;0;2;0;0;0
06/02/2024 14.25;ITERA;115;Perempuan;22;FS;Farmasi;4;< 1 jt;1;0;0;Sepeda Motor Pribadi;Harapan Jaya;Rumah mengontrak bersama-sama;Jl. Sadar;Strategis dekat kampus;5,27;30000;2;0;2;2;2;2;0
06/02/2024 14.31;ITERA;116;Perempuan;21;FS;Farmasi;4;1 jt – 2 jt;0;0;0;Kendaraan Bermotor (menumpang dengan keluarga/teman);way huwi;Rumah mengontrak bersama-sama;Jl. Sadar;dekat dengan perbelanjaan;2,08;0;2;2;2;0;0;0;3
06/02/2024 14.47;ITERA;117;Laki-laki;22;FTIK;Teknik Kelautan;4;< 1 jt;0;0;1;Sepeda;harapan jaya;Rumah mengontrak bersama-sama;jl. nangka 3;dekat kampus dan murah;2,34;0;3;2;2;3;4;0;2
06/02/2024 14.55;ITERA;118;Laki-laki;22;FTIK;Teknik Kelautan;4;1 jt – 2 jt;1;0;0;Sepeda Motor Pribadi;Way Dadi;Kos Sendiri;Gg. Matoa;kosan aman dan tertarik karna kamar luas;2,66;40000;2;2;2;2;4;2;0
06/02/2024 15.02;ITERA;119;Laki-laki;21;FTIK;Teknik Kelautan;4;< 1 jt;1;0;0;Sepeda Motor Pribadi;Korpri Jaya;Kos Sendiri;Jl. Kresna;dekat dengan kampus;3,84;30000;2;2;2;0;4;0;0
06/02/2024 15.27;ITERA;120;Perempuan;21;FS;Sains Data;4;< 1 jt;1;0;0;Sepeda Motor Pribadi;Way Huwi;Kos Sendiri;Jl. Kelengkeng Raya;dekat kampus dan lokasi strategis banyak perbelanjaan;3,64;40000;3;4;2;4;2;3;0
06/02/2024 15.33;ITERA;121;Perempuan;21;FTI;Rekayasa Kehutanan;3;1 jt – 2 jt;1;0;0;Sepeda Motor Pribadi;Way Huwi;Kos Sendiri;Jl. Kelengkeng 5;dekat kampus;3,17;45000;2;2;4;2;2;0;2
06/02/2024 19.01;ITERA;122;Perempuan;21;FTI;Teknik Pertambangan;4;1 jt – 2 jt;1;0;0;Sepeda Motor Pribadi;Korpri ;Rumah mengontrak bersama-sama;Yellow House ;lokasi kontrakan strategis dan harganya murah;1,78;30000;6;6;6;6;6;6;2
06/02/2024 21.38;ITERA;123;Laki-laki;22;FTIK;Teknik Kelautan;4;1 jt – 2 jt;1;0;0;Sepeda Motor Pribadi;Harapan Jaya;Kos Sendiri;Gg. Nangka 4;Kosan aman dan ramai;2,24;60000;3;3;2;3;4;0;3
06/02/2024 21.58;ITERA;124;Laki-laki;22;FTIK;Teknik Kelautan;4;1 jt – 2 jt;1;0;0;Sepeda Motor Pribadi;Harapan Jaya;Kos Sendiri;Jl. Nangka I;dekat dengan kampus;3,9;40000;2;2;2;0;4;0;5
06/02/2024 22.59;ITERA;125;Perempuan;21;FS;Sains Data;4;< 1 jt;0;0;0;Transportasi Online;Way Huwi;Kos Sendiri;Jl. Durian 12;dekat kampus;5,35;55000;2;2;2;2;0;0;0
06/02/2024 23.30;ITERA;126;Laki-laki;22;FS;Sains Data;4;< 1 jt;1;0;0;Sepeda Motor Pribadi;Way Huwi;Rumah mengontrak bersama-sama;Jl. Airan 3;murah;2,12;40000;2;2;2;2;2;2;0
07/02/2024 00.03;ITERA;127;Perempuan;21;FS;Farmasi;4;1 jt – 2 jt;1;0;0;Sepeda Motor Pribadi;Harapan Jaya;Kos Sendiri;Jl. Nangka II;dekat kampus;3,7;30000;3;2;2;4;0;2;2
07/02/2024 00.25;ITERA;128;Perempuan;21;FS;Sains Data;4;< 1 jt;1;0;0;Sepeda Motor Pribadi;WAY HUWI;Kos Sendiri;JL LAPAS RAYA;KOSAN MURAH;3,77;30000;3;3;2;4;0;0;3
07/02/2024 00.32;ITERA;129;Perempuan;22;FS;Farmasi;4;1 jt – 2 jt;1;0;0;Sepeda Motor Pribadi;Way Huwi;Kos Sendiri;Gg. Mangga;Dekat kampus dan dekat tempat makan;2,79;30000;3;2;2;2;0;0;0
07/02/2024 00.36;ITERA;130;Perempuan;21;FS;Farmasi;4;1 jt – 2 jt;1;0;0;Sepeda Motor Pribadi;Way Huwi;Kos Sendiri;Gg. Nalim;biaya murah;4,93;30000;2;2;2;0;0;0;2
07/02/2024 00.54;ITERA;131;Laki-laki;21;FS;Sains Data;4;2,1 jt – 3 jt;1;0;0;Sepeda Motor Pribadi;Harapan Jaya;Kos Sendiri;Jl. Ryacudu;Fasilitas kost lengkap dan dekat dengan jalan raya;5,11;30000;3;2;2;2;2;0;0
07/02/2024 01.06;ITERA;132;Laki-laki;22;FS;Farmasi;4;1 jt – 2 jt;1;0;0;Sepeda Motor Pribadi;Way Huwi;Kos Sendiri;Jl. Airan II;Biaya kosan murah;6,95;40000;3;3;4;0;2;0;2
07/02/2024 01.13;ITERA;133;Laki-laki;22;FS;Farmasi;4;1 jt – 2 jt;1;0;0;Sepeda Motor Pribadi;Way Dadi;Kos Sendiri;Jl. Parikesit;Kosan desain bagus;4,75;40000;3;2;2;2;2;2;0
07/02/2024 01.22;ITERA;134;Laki-laki;22;FS;Sains Data;4;1 jt – 2 jt;1;0;0;Sepeda Motor Pribadi;Way Huwi;Kos Sendiri;Jl. Way Huwi;Dekat kampus;5,5;45000;3;2;2;2;2;2;0
07/02/2024 01.27;ITERA;135;Perempuan;21;FS;Sains Data;4;< 1 jt;0;0;0;Transportasi Online;Way Huwi;Kos Sendiri;Gg. Haji Asyani;Dipilihkan oleh keluarga;5,52;50000;2;2;2;2;0;0;0
07/02/2024 01.35;ITERA;136;Perempuan;21;FS;Farmasi;4;< 1 jt;1;0;0;Sepeda Motor Pribadi;Way Huwi;Rumah mengontrak bersama-sama;Jl. Cemara;Murah karna dengan teman-teman;6,68;30000;4;2;2;0;2;0;2
07/02/2024 01.48;ITERA;137;Laki-laki;22;FS;Sains Data;4;1 jt – 2 jt;1;0;0;Sepeda Motor Pribadi;Way Dadi;Rumah mengontrak bersama-sama;Jl. Padat Karya;karna memiliki kamar yang banyak dan luas;2,82;60000;2;3;2;2;2;0;5
07/02/2024 09.59;ITERA;138;Perempuan;21;FTIK;Desain Komunikasi Visual;4;< 1 jt;0;0;1;Transportasi Online;Sukarame;Kos Sendiri;Jl. Pangeran Senopati;Dekat dengan kampus, akses mudah, lingkungan yang nyaman dan aman;3,84;15000;3;1;1;1;1;1;3
07/02/2024 12.31;ITERA;139;Perempuan;21;FS;Sains Atmosfir dan Keplanetan;3;1 jt – 2 jt;0;0;0;Transportasi Online;Way Huwi;Rumah mengontrak bersama-sama;Jl. Kelengkeng Raya;Murah dan dekat kampus;3,84;60000;4;2;2;2;2;2;2
07/02/2024 12.51;ITERA;140;Perempuan;21;FS;Sains Atmosfir dan Keplanetan;3;< 1 jt;0;0;0;Kendaraan Bermotor (menumpang dengan keluarga/teman);Way Huwi;Rumah mengontrak bersama-sama;Jl. Kelengkeng Raya;murah karna dengan teman dan dekat tempat makan;3,84;0;4;2;2;2;2;0;0
07/02/2024 13.09;ITERA;141;Perempuan;22;FS;Sains Aktuaria;4;1 jt – 2 jt;0;0;0;Berjalan Kaki;Way Huwi;Kos Sendiri;Jl. Kelengkeng Raya;Dekat kampus;5,01;0;3;2;2;0;0;0;2
07/02/2024 13.32;ITERA;142;Laki-laki;22;FTIK;Teknik Geomatika;4;1 jt – 2 jt;1;0;0;Sepeda Motor Pribadi;Sukarame Baru;Kos Sendiri;Jl. Murai;Dekat kampus dan lokasi strategis;5,03;40000;4;4;4;4;5;2;0
07/02/2024 13.46;ITERA;143;Laki-laki;22;FTIK;Teknik Geomatika;4;1 jt – 2 jt;1;0;1;Sepeda Motor Pribadi;Way Huwi;Rumah mengontrak bersama-sama;Jl. Airan I;Dekat dengan kampus;8,19;50000;4;2;3;0;5;0;2
07/02/2024 13.59;ITERA;144;Perempuan;21;FTIK;Teknik Geomatika;4;2,1 jt – 3 jt;2;1;1;Sepeda Motor Pribadi;Kedamaian;Rumah pribadi/rumah keluarga;Jl. Ridwan Rais;Dari awal memiliki tempat tinggal disini;2,63;40000;3;2;2;2;3;3;2
07/02/2024 14.25;ITERA;145;Perempuan;21;FS;Sains Atmosfir dan Keplanetan;4;1 jt – 2 jt;1;0;0;Sepeda Motor Pribadi;Harapan Jaya;Kos Sendiri;Jl. Senopati I;Dekat kampus;3,75;40000;4;3;2;2;2;2;0
07/02/2024 14.41;ITERA;146;Laki-laki;22;FS;Sains Atmosfir dan Keplanetan;3;1 jt – 2 jt;1;0;0;Sepeda Motor Pribadi;Way Huwi;Rumah mengontrak bersama-sama;Jl. Kelengkeng 8;Dekat kampus;1,85;30000;2;2;4;3;3;0;0
07/02/2024 14.51;ITERA;147;Perempuan;22;FS;Sains Aktuaria;4;1 jt – 2 jt;1;0;0;Sepeda Motor Pribadi;Harapan Jaya;Kos Sendiri;Jl. Nangka V;Kosan dengan desain kamar bagus;6,78;50000;2;2;0;2;2;3;4
07/02/2024 15.08;ITERA;148;Perempuan;21;FTIK;Arsitektur;3;1 jt – 2 jt;1;0;0;Sepeda Motor Pribadi;Way Dadi;Rumah mengontrak bersama-sama;Jl. Darussalam;biaya murah dan strategis ;2,24;40000;4;2;0;0;2;2;0
07/02/2024 15.33;ITERA;149;Laki-laki;22;FS;Sains Aktuaria;4;< 1 jt;1;0;0;Sepeda Motor Pribadi;Harapan Jaya;Kos Sendiri;Jl. Nangka I;Kosan lebar dan luas;6,13;30000;3;0;2;0;3;0;0
07/02/2024 16.38;ITERA;150;Perempuan;23;FS;Sains Atmosfir dan Keplanetan;4;1 jt – 2 jt;0;0;0;Transportasi Online;Desa way huwi;Kos bersama-sama;Gang Dahlia 1, jl. Raden Saleh, desa way huwi;Biaya tempat tinggal lebih murah;5,17;60000;2;1;3;2;2;1;1
07/02/2024 17.14;ITERA;151;Perempuan;23;FS;Sains Atmosfir dan Keplanetan;4;> 4 jt;0;0;0;Transportasi Online;Raden Saleh;Kos Sendiri;Jl. Raden Saleh, Gg. Dahlia 2;Lingkungan aman dan dekat dengan teman ;5,52;60000;2;0;2;0;0;0;2
07/02/2024 18.57;ITERA;152;Laki-laki;22;FTIK;Teknik Geomatika;4;2,1 jt – 3 jt;1;0;0;Sepeda Motor Pribadi;Way Huwi;Kos bersama-sama;Jl. Cemara;Diajak teman karna kosan lebar dan fasilitas lengkap;5,68;40000;3;2;3;3;4;2;0
07/02/2024 19.20;ITERA;153;Laki-laki;23;FS;Sains Atmosfir dan Keplanetan;4;1 jt – 2 jt;1;0;0;Sepeda Motor Pribadi;Way Huwi;Rumah mengontrak bersama-sama;Jl. Lampung Jaya;Kontrakan cukup untuk 4 orang;6,25;30000;2;0;2;0;2;0;2
07/02/2024 19.26;ITERA;154;Perempuan;22;FTIK;Arsitektur;4;2,1 jt – 3 jt;0;0;0;Transportasi Online;Harapan Jaya;Rumah mengontrak bersama-sama;jl. surya alam 1;Biaya murah dan lingkungan nyaman;8,7;65000;2;2;2;0;0;0;2
07/02/2024 19.39;ITERA;155;Laki-laki;23;FTIK;Arsitektur;4;1 jt – 2 jt;2;1;1;Mobil Pribadi;Labuhan Ratu;Rumah pribadi/rumah keluarga;Jl. Keramat;Dengan keluarga;5,81;100000;3;4;2;2;2;0;0
07/02/2024 19.49;ITERA;156;Perempuan;23;FTIK;Arsitektur;4;< 1 jt;1;0;0;Sepeda Motor Pribadi;Way Dadi;Rumah mengontrak bersama-sama;Jl. Mangga 3;Kontrakan dengan biaya murah dan luas;6,18;25000;3;2;0;0;0;0;2
07/02/2024 19.58;ITERA;157;Perempuan;20;FS;Sains Atmosfir dan Keplanetan;3;1 jt – 2 jt;1;0;0;Sepeda Motor Pribadi;Way Halim Permai;Kos Sendiri;Jl. Jaya;Lokasi ramai dan kosan bagus;4,97;50000;4;2;2;2;2;0;0
07/02/2024 20.44;ITERA;158;Perempuan;22;FS;Sains Atmosfir dan Keplanetan;4;< 1 jt;2;0;1;Sepeda Motor Pribadi;Sukarame Baru;Rumah pribadi/rumah keluarga;Jl. Griya Elok Blok E, Sukarame, Kec. Sukarame, Kota Bandar Lampung, Lampung 35122;Tinggal dengan keluarga;5,28;30000;2;0;2;2;0;0;0
07/02/2024 20.51;ITERA;159;Laki-laki;23;FS;Sains Aktuaria;4;1 jt – 2 jt;1;0;0;Sepeda Motor Pribadi;Sukarame Baru;Kos Sendiri;Jl. Kenanga;Lokasi aman;2,85;40000;3;0;2;0;2;0;2
07/02/2024 20.55;ITERA;160;Laki-laki;22;FS;Sains Aktuaria;4;1 jt – 2 jt;1;0;0;Sepeda Motor Pribadi;Harapan Jaya;Kos Sendiri;Jl. Bima;Kosan aman;3,73;35000;2;0;0;3;3;0;0
07/02/2024 21.04;ITERA;161;Laki-laki;20;FTIK;Teknik Lingkungan;2;< 1 jt;0;0;1;Sepeda;Way Huwi;Rumah mengontrak bersama-sama;Jl. Durian 7;Diajak teman karna biaya tempat tinggal murah;3,52;0;4;4;2;0;4;0;0
07/02/2024 21.22;ITERA;162;Laki-laki;21;FTIK;Teknik Lingkungan;2;1 jt – 2 jt;1;0;0;Sepeda Motor Pribadi;Way Huwi;Kos Sendiri;Jl. Manggis X;Dekat kampus;14,01;45000;4;4;4;2;4;0;2
07/02/2024 21.45;ITERA;163;Laki-laki;21;FS;Sains Aktuaria;3;1 jt – 2 jt;2;0;1;Sepeda Motor Pribadi;Kupang Kota;Rumah pribadi/rumah keluarga;Jalan Gunung T. Perahu;Tinggal dengan keluarga;8,1;40000;2;0;2;0;2;0;0
07/02/2024 21.57;ITERA;164;Perempuan;22;FTIK;Arsitektur;4;1 jt – 2 jt;2;1;1;Sepeda Motor Pribadi;Jl. Pelita II;Rumah pribadi/rumah keluarga;Jl. Pelita II;Dengan keluarga;5,46;60000;2;4;4;0;3;0;2
07/02/2024 22.51;ITERA;165;Laki-laki;22;FTIK;Arsitektur;4;1 jt – 2 jt;1;0;0;Sepeda Motor Pribadi;Way Huwi;Kos Sendiri;Jl. Airan Raya;Dekat kampus dan banyak tempat makan;5,96;30000;2;2;0;0;2;0;0
07/02/2024 23.01;ITERA;166;Perempuan;22;FTIK;Arsitektur;4;2,1 jt – 3 jt;1;0;0;Sepeda Motor Pribadi;Way Dadi;Rumah mengontrak bersama-sama;Jl. Nusa Indah;Kontrakan memiliki banyak kamar;5,3;30000;2;2;2;0;0;0;2
07/02/2024 23.09;ITERA;167;Laki-laki;21;FTIK;Teknik Lingkungan;2;< 1 jt;1;0;0;Sepeda Motor Pribadi;Sukarame Baru;Rumah mengontrak bersama-sama;Jl. Bawean 1;Lokasi strategis;2,11;40000;4;4;4;0;4;2;0
07/02/2024 23.17;ITERA;168;Laki-laki;20;FTIK;Teknik Lingkungan;2;1 jt – 2 jt;1;0;0;Sepeda Motor Pribadi;Harapan Jaya;Kos Sendiri;Gg. Nangka 1;Kosan lingkungan aman dan nyaman;6,52;50000;4;4;4;3;4;0;2
08/02/2024 12.00;ITERA;169;Laki-laki;23;FTIK;Teknik Geomatika;4;2,1 jt – 3 jt;0;1;0;Mobil Pribadi;Harapan Jaya;Rumah mengontrak bersama-sama;Gg. Murai I;Kontrakan bagus dan parkiran luas;6,78;150000;4;3;2;2;3;2;2
08/02/2024 12.25;ITERA;170;Perempuan;20;FTIK;Teknik Lingkungan;2;1 jt – 2 jt;1;0;0;Sepeda Motor Pribadi;Way Dadi;Kos Sendiri;Jl. Perintis F;fasilitas kosan yang disediakan lengkap;5,13;50000;4;4;4;2;5;2;3
08/02/2024 12.50;ITERA;171;Perempuan;19;FTIK;Perencanaan Wilayah dan Kota;1;1 jt – 2 jt;1;1;0;Sepeda Motor Pribadi;Sukarame ;Kos Sendiri;Jl. Pulau Sabesi;Biaya tempat tinggal murah dan lingkungan aman;2,84;15000;1;2;3;3;0;0;0
08/02/2024 12.59;ITERA;172;Perempuan;21;FTIK;Teknik Lingkungan;2;< 1 jt;1;0;0;Sepeda Motor Pribadi;Way Dadi;Kos bersama-sama;Blok A6;Biaya kosan murah;6,83;30000;4;4;5;3;5;3;0
08/02/2024 13.24;ITERA;173;Laki-laki;23;FTIK;Teknik Geomatika;4;1 jt – 2 jt;1;0;0;Sepeda Motor Pribadi;Perumnas Way Kandis;Rumah mengontrak bersama-sama;Jl. Bunga Sepatu;Lokasi aman dan biaya murah;6,13;50000;5;3;3;2;5;4;0
08/02/2024 13.37;ITERA;174;Perempuan;21;FTIK;Desain Komunikasi Visual;4;1 jt – 2 jt;0;0;0;Transportasi Online;Way Huwi;Kos Sendiri;Jl. Camar;Dapat dari sosial media karna biaya kosan murah;7,04;35000;2;0;2;0;2;2;0
08/02/2024 13.38;ITERA;175;Perempuan;22;FS;Sains Atmosfir dan Keplanetan;4;< 1 jt;1;0;1;Sepeda Motor Pribadi;Perumnas Way Kandis;Rumah pribadi/rumah keluarga;Jl. Bunga Lili I;dengan orang tua;9,74;20000;2;2;2;2;2;2;2
08/02/2024 13.56;ITERA;176;Perempuan;18;FTI;Teknik Biomedis;2;< 1 jt;1;0;0;Sepeda Motor Pribadi;Tanjung Karang Timur;Rumah pribadi/rumah keluarga;Jl. Dr Harun 1;rumah nenek, memang cukup jauh tapi tidak memerlukan banyak biaya karena tidak menyewa;2,91;30000;2;0;2;2;0;0;0
08/02/2024 13.58;ITERA;177;Perempuan;21;FTIK;Desain Komunikasi Visual;3;< 1 jt;0;0;1;Sepeda;Way Huwi;Rumah mengontrak bersama-sama;Jl. Kaswari;Lokasi strategis dekat kampus dan mudah akses ke tempat makan ;8,18;0;4;2;2;2;2;2;2
08/02/2024 14.14;ITERA;178;Perempuan;22;FTIK;Teknik Geomatika;4;< 1 jt;2;0;1;Sepeda Motor Pribadi;Jagabaya II;Rumah pribadi/rumah keluarga;Jl. Sepakat I;tinggal sudah lama disini dengan keluarga;2,96;40000;3;2;3;2;0;0;2
08/02/2024 14.23;ITERA;179;Perempuan;21;FTIK;Desain Komunikasi Visual;3;1 jt – 2 jt;1;0;0;Sepeda Motor Pribadi;Harapan Jaya;Rumah mengontrak bersama-sama;Jl. Nakulo 2;Aman dan nyaman;3,03;20000;4;4;2;2;2;0;0
08/02/2024 14.24;ITERA;180;Perempuan;19;FS;Sains Atmosfir dan Keplanetan;1;1 jt – 2 jt;0;0;0;Transportasi Online;Korpri Raya;Kos Sendiri;Jl. Pulau Pisang;Biaya tempat tinggal murah, dan aman ;6,64;50000;4;1;2;2;3;4;1
08/02/2024 14.34;ITERA;181;Perempuan;22;FTIK;Teknik Geomatika;4;1 jt – 2 jt;3;1;2;Sepeda Motor Pribadi;Way Kandin;Rumah pribadi/rumah keluarga;Gang Cempaka 7;Tinggal dengan keluarga;5,61;30000;2;3;2;2;2;0;2
08/02/2024 14.54;ITERA;182;Perempuan;20;FTIK;Teknik Lingkungan;2;1 jt – 2 jt;1;0;0;Sepeda Motor Pribadi;way huwi;Kos Sendiri;gang kaplingan;dipilihkan oleh keluarga;1,78;40000;2;4;4;2;0;2;2
08/02/2024 15.03;ITERA;183;Perempuan;20;FTIK;Teknik Lingkungan;2;< 1 jt;0;0;0;Transportasi Online;Harapan Jaya;Kos Sendiri;Gg. Nangka 4;direkomendasikan oleh teman;5,53;36000;2;4;4;2;0;0;0
08/02/2024 15.18;ITERA;184;Laki-laki;22;FTIK;Desain Komunikasi Visual;4;1 jt – 2 jt;1;0;0;Sepeda Motor Pribadi;way huwi;Rumah mengontrak bersama-sama;gg. damar;dekat kampus dan murah;3,77;40000;2;2;4;2;3;0;0
08/02/2024 15.21;ITERA;185;Perempuan;19;FTI;Teknologi Pangan;2;2,1 jt – 3 jt;1;0;0;Sepeda Motor Pribadi;belwis;Kos Sendiri;Jl Perwira 2;dekat dengan kampus;6,45;30000;3;3;3;3;3;2;3
08/02/2024 15.26;ITERA;186;Laki-laki;21;FTIK;Desain Komunikasi Visual;3;2,1 jt – 3 jt;1;0;1;Sepeda Motor Pribadi;Way Dadi;Rumah mengontrak bersama-sama;Gang Sapta Marga;Kontrakan dengan biaya sewa terjangkau;3,09;50000;4;4;2;2;2;0;2
08/02/2024 15.42;ITERA;187;Laki-laki;21;FTIK;Desain Komunikasi Visual;3;2,1 jt – 3 jt;1;0;0;Sepeda Motor Pribadi;harapan jaya;Kos Sendiri;gang arjuna;lokasi strategis dan akses jalan mudah;2,8;40000;2;2;2;2;2;0;3
08/02/2024 15.53;ITERA;188;Perempuan;22;FTIK;Desain Komunikasi Visual;4;1 jt – 2 jt;0;0;0;Transportasi Online;Harapan Jaya;Kos Sendiri;Jl. Yudistira;Dekat dengan kampus;5,4;50000;3;2;2;2;0;2;0
08/02/2024 17.05;ITERA;189;Perempuan;19;FTIK;Teknik Lingkungan;2;1 jt – 2 jt;1;0;0;Sepeda Motor Pribadi;Sukarame Baru;Rumah mengontrak bersama-sama;Jl. Bougenvile;Lokasi aman karna ada keamanan dan perumahan;3,77;20000;4;2;2;4;4;3;2
08/02/2024 17.18;ITERA;190;Perempuan;20;FTIK;Teknik Lingkungan;2;1 jt – 2 jt;1;0;0;Sepeda Motor Pribadi;Way Huwi;Kos Sendiri;Gg. Perwira 2;Dekat dengan kampus dan bersih;3,77;25000;2;2;2;2;4;2;2
08/02/2024 17.32;ITERA;191;Perempuan;21;FTIK;Arsitektur;3;1 jt – 2 jt;1;0;0;Sepeda Motor Pribadi;Way Huwi;Kos bersama-sama;Gang Mangga;Lokasi dekat kampus dan dekat dengan perbelanjaan, tempat makan, dan kebutuhan lainnya;3,77;30000;3;2;0;0;0;0;2
08/02/2024 17.38;ITERA;192;Perempuan;21;FTIK;Arsitektur;3;< 1 jt;0;0;0;Kendaraan Bermotor (menumpang dengan keluarga/teman);way huwi;Kos bersama-sama;gang mangga, belwis;biaya sewa murah karna berdua dengan teman;4,88;15000;3;2;2;2;2;0;2
08/02/2024 17.52;ITERA;193;Laki-laki;20;FTIK;Teknik Lingkungan;2;2,1 jt – 3 jt;1;0;0;Sepeda Motor Pribadi;Way Huwi;Kos Sendiri;Jl. Hasan Raya;Dekat masjid;7,43;50000;4;4;4;6;5;3;0
08/02/2024 18.05;ITERA;194;Laki-laki;20;FTIK;Teknik Lingkungan;2;< 1 jt;0;0;0;Kendaraan Bermotor (menumpang dengan keluarga/teman);Way Kandis;Rumah bersama saudara;Jl. Tirtaria;Karna bukan asli lampung selatan dan memiliki saudara di way kandis ;11,3;37000;2;2;2;2;2;1;0
08/02/2024 19.35;ITERA;195;Perempuan;22;FTIK;Arsitektur;4;1 jt – 2 jt;3;1;2;Mobil Pribadi;Langkapura;Rumah pribadi/rumah keluarga;Jl. Pertamina;Bersama keluarga;1,78;0;2;2;3;0;0;3;0
08/02/2024 19.42;ITERA;196;Laki-laki;20;FTIK;Teknik Lingkungan;2;2,1 jt – 3 jt;1;0;0;Sepeda Motor Pribadi;Harapan Jaya;Kos Sendiri;gang nangka 4;lokasi strategis dekat dengan jalan raya;5,24;20000;4;4;0;4;4;0;0
08/02/2024 19.56;ITERA;197;Laki-laki;21;FTIK;Desain Komunikasi Visual;3;1 jt – 2 jt;1;0;0;Sepeda Motor Pribadi;wayhuwi;Kos Sendiri;gang merpati;biaya tempat tinggal murah;4,75;30000;4;4;4;2;4;3;0
08/02/2024 20.04;ITERA;198;Perempuan;21;FTIK;Desain Komunikasi Visual;3;< 1 jt;1;0;0;Sepeda Motor Pribadi;Way Huwi;Kos Sendiri;Jl. Way Huwi;Biaya sewa murah;6,09;35000;4;4;4;4;4;0;0
08/02/2024 20.14;ITERA;199;Perempuan;20;FTIK;Teknik Lingkungan;2;2,1 jt – 3 jt;2;0;2;Sepeda Motor Pribadi;Perumnas Way Halim;Rumah pribadi/rumah keluarga;Jl. Malabar;dengan keluarga;4,1;40000;2;2;2;2;2;3;3
08/02/2024 20.25;ITERA;200;Perempuan;20;FTIK;Teknik Lingkungan;2;< 1 jt;0;0;0;Transportasi Online;Way Huwi;Kos Sendiri;Gg. Komando 2;Tertarik dari fasilitas yang lengkap;5,11;30000;2;4;2;2;4;0;0
08/02/2024 20.34;ITERA;201;Perempuan;20;FTIK;Teknik Lingkungan;2;1 jt – 2 jt;1;0;0;Sepeda Motor Pribadi;Way Huwi;Rumah mengontrak bersama-sama;Jl. Airan II;Biaya sewa murah;6,62;20000;4;2;2;0;0;0;2
08/02/2024 20.40;ITERA;202;Perempuan;23;FTIK;Desain Komunikasi Visual;4;1 jt – 2 jt;0;0;0;Kendaraan Bermotor (menumpang dengan keluarga/teman);way dadi;Rumah mengontrak bersama-sama;gang teratai;lokasi dekat dengan jalan raya korpri;7,03;24000;2;2;0;0;2;0;2
08/02/2024 20.46;ITERA;203;Laki-laki;22;FTIK;Desain Komunikasi Visual;4;1 jt – 2 jt;3;1;1;Sepeda Motor Pribadi;Campang Raya;Rumah pribadi/rumah keluarga;Jl. Love Bird;dengan keluarga;3,7;40000;2;2;2;0;2;0;3
08/02/2024 21.10;ITERA;204;Perempuan;17;FS;Farmasi;1;3,1 jt – 4 jt;1;0;0;Sepeda Motor Pribadi;Way Huwi;Kos Sendiri;Jl. Lapas Raya;Dekat kampus, dekat tempat makan dan keperluan lainnya.;8,5;25000;2;2;2;2;2;2;2
08/02/2024 21.30;ITERA;205;Perempuan;20;FTIK;Teknik Perkeretaapian;3;< 1 jt;1;0;0;Sepeda Motor Pribadi;Sabah Balau;Rumah pribadi/rumah keluarga;Jalan Endro Suratmin;Gratis;5,66;60000;2;1;2;2;2;1;1
08/02/2024 21.36;ITERA;206;Perempuan;21;FTIK;Perencanaan Wilayah dan Kota;4;< 1 jt;3;1;0;Sepeda Motor Pribadi;Sukarame Baru;Kos Sendiri;Perumahan Pondok Permata Biru;Dekat dengan kampus dan mudah di akses kemana saja;1,78;50000;1;1;1;1;1;1;1
08/02/2024 21.41;ITERA;207;Perempuan;20;FTI;Teknik Geofisika;3;< 1 jt;0;0;0;Kendaraan Bermotor (menumpang dengan keluarga/teman);Sukarame;Rumah mengontrak bersama-sama;Harapan Jaya, Kec. Sukarame, Kota Bandar Lampung, Lampung 35131;Dekat dengan kampus, lingkungan aman, biaya murah;6,05;17000;3;3;3;3;2;2;2
08/02/2024 21.41;ITERA;208;Laki-laki;20;FTIK;Arsitektur;3;2,1 jt – 3 jt;1;0;0;Sepeda Motor Pribadi;Way Halim;Kos Sendiri;Jl. Pulau Batam;lingkungan nyaman, tidak banyak mahasiswa;7,65;40000;1;3;3;3;1;1;1
08/02/2024 21.46;ITERA;209;Laki-laki;21;FTI;Teknik Fisika;3;< 1 jt;0;0;0;Kendaraan Bermotor (menumpang dengan keluarga/teman);Way Huwi;Rumah mengontrak bersama-sama;Jl Dahlia 4;jauh dari kampus, tenang;7,68;0;4;4;4;3;4;1;1
08/02/2024 22.37;ITERA;210;Laki-laki;21;FTI;Teknologi Pangan;3;1 jt – 2 jt;2;0;0;Sepeda Motor Pribadi;Sukarame Baru;Rumah pribadi/rumah keluarga;Gg. Bukit Kasturi;Dengan keluarga;15,57;100000;3;3;3;3;3;2;0
09/02/2024 05.54;ITERA;211;Perempuan;20;FTIK;Perencanaan Wilayah dan Kota;3;2,1 jt – 3 jt;0;1;1;Mobil Pribadi;Teluk betung barat;Rumah pribadi/rumah keluarga;Citra garden jl dr setia budi;Lingkungan perumahan yang aman dan nyaman , dekat dengan sekolah (dulu);4,88;280000;4;4;5;4;5;0;3
09/02/2024 10.19;ITERA;212;Laki-laki;22;FTIK;Teknik Perkeretaapian;4;1 jt – 2 jt;0;0;0;Transportasi Online;Harapan jaya;Kos Sendiri;Jl. Hasan Raya;Dekat kampus dan murah;5,82;30000;2;0;0;0;2;0;0
09/02/2024 10.28;ITERA;213;Laki-laki;21;FTIK;Arsitektur;4;2,1 jt – 3 jt;1;0;0;Sepeda Motor Pribadi;Way Halim Permai;Kos Sendiri;Jl. P. Tabean;Lokasi strategis dekat perbelanjaan dan lingkungan nyaman;4,47;32000;3;0;2;2;2;3;0
09/02/2024 10.50;ITERA;214;Perempuan;20;FTI;Teknik Biosistem;3;2,1 jt – 3 jt;1;0;0;Sepeda Motor Pribadi;Way Dadi;Kos Sendiri;Gg. Delima I;Lingkungan aman dan pemilik selalu siap siaga;4,61;55000;4;0;5;4;0;4;0
09/02/2024 11.10;ITERA;215;Laki-laki;22;FTI;Teknik Pertambangan;4;1 jt – 2 jt;1;0;0;Sepeda Motor Pribadi;Way Huwi;Rumah mengontrak bersama-sama;Gg. Mawar Raya;Biaya Murah;1,91;30000;4;4;2;4;5;2;2
09/02/2024 11.17;ITERA;216;Laki-laki;21;FTIK;Teknik Perkeretaapian;3;1 jt – 2 jt;1;0;0;Sepeda Motor Pribadi;Harapan Jaya;Kos Sendiri;Jl. Nangka Indah;Dekat dengan kampus dan jalanan;5,24;25000;4;4;4;4;3;3;0
09/02/2024 11.28;ITERA;217;Laki-laki;21;FTIK;Teknik Perkeretaapian;3;< 1 jt;1;0;0;Sepeda Motor Pribadi;Wayhuwi;Rumah mengontrak bersama-sama;gang merpati;biaya murah dengan teman;10,34;24000;2;4;4;2;3;0;0
09/02/2024 20.35;ITERA;218;Perempuan;20;FTIK;Arsitektur;3;1 jt – 2 jt;1;0;0;Sepeda Motor Pribadi;Karang Anyar;Rumah mengontrak bersama-sama;Jl. Brawijaya;Tidak jauh jika pulang kerumah;8,2;50000;2;2;2;3;1;0;3
09/02/2024 21.08;ITERA;219;Perempuan;19;FTIK;Teknik Perkeretaapian;2;2,1 jt – 3 jt;0;0;0;Transportasi Online;Jagabaya II;Kos Sendiri;Gg. Buncis;Disarankan oleh saudara;2,05;70000;2;2;3;4;2;2;0
09/02/2024 21.49;ITERA;220;Laki-laki;19;FTI;Teknik Elektro;2;< 1 jt;1;0;0;Sepeda Motor Pribadi;harapan jaya;Rumah mengontrak bersama-sama;jalan nangka 3;kontrakan strategis;3,82;30000;6;3;3;4;2;0;0
09/02/2024 22.09;ITERA;221;Laki-laki;20;FTI;Teknik Mesin;3;2,1 jt – 3 jt;1;0;1;Sepeda Motor Pribadi;Way Huwi;Kos Sendiri;Gang Poncowati;dekat kampus;6,83;40000;4;2;2;2;5;2;0
09/02/2024 22.42;ITERA;222;Laki-laki;21;FTIK;Arsitektur Lanskap;3;3,1 jt – 4 jt;1;0;0;Sepeda Motor Pribadi;Way Dadi;Kos Sendiri;Gg. Perintis E1;Biaya kos murah;3,48;35000;2;3;3;3;3;0;5
09/02/2024 22.56;ITERA;223;Laki-laki;21;FTIK;Teknik Perkeretaapian;3;1 jt – 2 jt;0;0;0;Kendaraan Bermotor (menumpang dengan keluarga/teman);Harapan Jaya;Kos Sendiri;Jl. Matahari;Fasilitas lengkap;5,02;15000;0;2;2;2;0;0;3
09/02/2024 23.06;ITERA;224;Laki-laki;22;FTIK;Teknik Perkeretaapian;4;2,1 jt – 3 jt;1;0;0;Berjalan Kaki;Way Huwi;Kos Sendiri;Gang Mawar II;Dekat dengan kampus;8,28;0;2;2;2;2;2;0;0
09/02/2024 23.25;ITERA;225;Laki-laki;21;FTIK;Teknik Sipil;3;3,1 jt – 4 jt;3;1;1;Mobil Pribadi;Tanjung Senang;Rumah pribadi/rumah keluarga;Jl. Turi Raya;tinggal bersama keluarga;6,07;150000;2;2;2;2;3;2;0
09/02/2024 23.34;ITERA;226;Laki-laki;22;FTIK;Teknik Sipil;3;1 jt – 2 jt;1;0;0;Sepeda Motor Pribadi;Way Huwi;Rumah mengontrak bersama-sama;Gg. Damai;Biaya murah, dekat dengan pasar;4,98;40000;2;0;5;2;0;2;0
10/02/2024 10.53;ITERA;227;Laki-laki;21;FTIK;Rekayasa Tata Kelola Air Terpadu;3;< 1 jt;1;0;0;Sepeda Motor Pribadi;Way Huwi;Rumah mengontrak bersama-sama;Gg. Lebung Jaya;bersama teman dan dekat kampus;4,98;24000;2;2;2;2;2;2;3
10/02/2024 11.06;ITERA;228;Laki-laki;21;FTIK;Rekayasa Tata Kelola Air Terpadu;3;1 jt – 2 jt;1;0;0;Sepeda Motor Pribadi;way huwi;Rumah mengontrak bersama-sama;gang lebung jaya;murah karna bareng teman dan dekat kampus;5,06;15000;4;2;2;0;2;0;0
10/02/2024 11.43;ITERA;229;Laki-laki;21;FTIK;Arsitektur Lanskap;3;< 1 jt;1;0;0;Sepeda Motor Pribadi;Sabah Balau;Kos Sendiri;Jl. Akses Tol Trans Sumatera;Dekat kampus dan suasana tenang;6,59;20000;3;4;2;0;4;0;3
10/02/2024 11.59;ITERA;230;Perempuan;21;FTIK;Arsitektur Lanskap;3;2,1 jt – 3 jt;1;0;0;Sepeda Motor Pribadi;Way Huwi;Kos Sendiri;Jl. Kutilang Raya;Biaya kosan murah;6,67;30000;3;4;2;4;3;4;3
10/02/2024 12.06;ITERA;231;Perempuan;22;FTIK;Arsitektur Lanskap;4;1 jt – 2 jt;0;0;0;Transportasi Online;Way Dadi;Rumah mengontrak bersama-sama;Jalan Perintis Utama;Diajak oleh teman karna kontrakan murah dan bagus;5,46;23000;0;2;2;2;0;2;0
10/02/2024 12.18;ITERA;232;Perempuan;21;FTIK;Arsitektur Lanskap;3;2,1 jt – 3 jt;1;0;0;Sepeda Motor Pribadi;Way Dadi;Kos Sendiri;Jl. Penghijauan;Akses mudah untuk menuju kosan;7,37;27000;4;3;2;3;0;2;0
10/02/2024 12.29;ITERA;233;Laki-laki;21;FTI;Teknik Elektro;3;< 1 jt;2;0;0;Sepeda Motor Pribadi;Sukabumi;Rumah pribadi/rumah keluarga;Jalan Pangeran Tirtayasa;dengan keluarga;6,19;26000;2;3;2;3;2;0;0
10/02/2024 12.40;ITERA;234;Perempuan;21;FTI;Teknologi Pangan;4;1 jt – 2 jt;1;0;0;Sepeda Motor Pribadi;Sukabumi;Rumah mengontrak bersama-sama;Gg. Sejahtera;Lokasi aman karna perumahan;8,54;30000;2;2;4;4;0;2;0
10/02/2024 12.51;ITERA;235;Laki-laki;22;FTI;Teknik Pertambangan;4;2,1 jt – 3 jt;3;0;1;Sepeda Motor Pribadi;Kedamaian;Rumah pribadi/rumah keluarga;Jl. Mekar Sari;dengan keluarga;3,84;40000;3;3;2;2;5;2;0
10/02/2024 12.55;ITERA;236;Laki-laki;22;FTI;Teknik Pertambangan;4;1 jt – 2 jt;1;0;0;Sepeda Motor Pribadi;Way Huwi;Kos Sendiri;Jl. Kelengkeng Raya;Dekat kampus;5,4;20000;4;4;4;4;5;2;2
10/02/2024 13.09;ITERA;237;Laki-laki;21;FTIK;Arsitektur Lanskap;3;1 jt – 2 jt;0;0;0;Kendaraan Bermotor (menumpang dengan keluarga/teman);Way Huwi;Kos Sendiri;Jl. Raden Saleh;Kamar luas dan aman;4,07;25000;3;4;0;4;3;0;0
10/02/2024 13.19;ITERA;238;Laki-laki;22;FTIK;Arsitektur Lanskap;4;1 jt – 2 jt;1;0;0;Sepeda Motor Pribadi;Way Dadi;Kos bersama-sama;Gg. Pembangunan G;Biaya murah;4,14;30000;2;2;0;3;3;0;2
10/02/2024 13.25;ITERA;239;Laki-laki;21;FTIK;Arsitektur Lanskap;4;< 1 jt;1;0;1;Sepeda Motor Pribadi;Way Dadi;Rumah mengontrak bersama-sama;Jl. Sentot Alibasya;Lokasi dekat jalanan umum dan pasar;5,02;35000;0;2;2;2;3;4;2
10/02/2024 13.33;ITERA;240;Laki-laki;23;FTI;Teknik Geologi;4;1 jt – 2 jt;1;0;1;Sepeda Motor Pribadi;Way Kandis;Kos Sendiri;Gg. Mawar III;Tertarik dari pemasaran kosan di sosial media;9,73;25000;2;2;0;2;5;0;0
10/02/2024 13.44;ITERA;241;Laki-laki;22;FTI;Teknik Material;4;1 jt – 2 jt;2;1;2;Sepeda Motor Pribadi;Tanjung Senang;Rumah pribadi/rumah keluarga;Jl. Flamboyan IV;Tinggal bersama keluarga;12,69;35000;0;2;2;2;2;2;2
12/02/2024 16.56;ITERA;242;Perempuan;19;FTIK;Pariwisata;1;2,1 jt – 3 jt;2;2;2;Mobil Pribadi;Susunan Baru;Rumah pribadi/rumah keluarga;Jl. Bukit Cendana;Tinggal bersama keluarga dan lingkungan aman;10,63;150000;0;2;2;2;4;0;0
12/02/2024 17.18;ITERA;243;Perempuan;18;FTI;Rekayasa Kosmetik;1;1 jt – 2 jt;2;1;2;Sepeda Motor Pribadi;Segala Mider;Rumah pribadi/rumah keluarga;Gg Sentosa 1;dengan keluarga;3,57;40000;0;4;4;2;4;0;0
12/02/2024 17.25;ITERA;244;Perempuan;19;FTI;Rekayasa Kosmetik;1;1 jt – 2 jt;0;0;0;Berjalan Kaki;Way Huwi;Kos Sendiri;Jl. Manggis Raya;dekat kampus;3,66;0;2;2;2;2;4;0;3
12/02/2024 17.30;ITERA;245;Perempuan;18;FTI;Rekayasa Kosmetik;1;1 jt – 2 jt;0;0;0;Berjalan Kaki;Way Huwi;Kos Sendiri;Jl. Durian Raya 1;dekat dengan kampus;3,7;15000;0;2;2;2;4;0;0
12/02/2024 18.23;ITERA;246;Laki-laki;20;FTI;Rekayasa Instrumentasi dan Automasi;2;2,1 jt – 3 jt;1;0;0;Sepeda Motor Pribadi;Way Huwi;Kos Sendiri;Jl. Lapas Raya;dekat kampus dan banyak tempat makan;3,7;25000;4;3;4;2;5;2;2
13/02/2024 12.15;ITERA;247;Laki-laki;19;FTI;Rekayasa Keolahragaan;1;< 1 jt;0;0;0;Berjalan Kaki;way huwi;Kos Sendiri;jalan lapas raya;akses ke kampus lebih mudah;3,7;0;0;5;4;0;2;0;3
13/02/2024 12.42;ITERA;248;Laki-laki;18;FTI;Rekayasa Minyak dan Gas;1;1 jt – 2 jt;0;0;0;Kendaraan Bermotor (menumpang dengan keluarga/teman);Way Huwi;Rumah mengontrak bersama-sama;Jl. Durian 8;Dekat kampus dan biaya murah karna bareng teman;3,74;21000;4;3;2;4;3;2;0
13/02/2024 12.51;ITERA;249;Laki-laki;19;FTI;Rekayasa Minyak dan Gas;1;< 1 jt;1;0;0;Sepeda Motor Pribadi;Wayhuwi;Rumah mengontrak bersama-sama;Jl durian 8;Bersama teman;4,79;30000;4;3;3;2;3;0;3
13/02/2024 13.01;ITERA;250;Laki-laki;19;FTI;Rekayasa Minyak dan Gas;1;< 1 jt;1;0;0;Sepeda Motor Pribadi;Harapan Jaya;Kos Sendiri;Jl Hasan IV;Jalan menuju kampus mudah dan aman;2,11;23000;4;2;2;3;2;0;0
13/02/2024 13.16;ITERA;251;Laki-laki;19;FTI;Rekayasa Minyak dan Gas;1;< 1 jt;0;0;1;Sepeda;Way huwi;Kos Sendiri;Jl umbul kopi;Kosan bagus dan dekat kampus;5,93;0;2;2;2;2;2;3;0
13/02/2024 13.43;ITERA;252;Laki-laki;23;FTI;Teknik Fisika;4;1 jt – 2 jt;2;1;2;Sepeda Motor Pribadi;Sukarame;Rumah pribadi/rumah keluarga;Gg. Kenari;Bersama keluarga;2,85;35000;0;2;2;2;6;0;0
13/02/2024 13.52;ITERA;253;Laki-laki;22;FTI;Teknik Fisika;4;2,1 jt – 3 jt;1;0;1;Sepeda Motor Pribadi;Harapan Jaya;Kos Sendiri;Jl. Bima;Tertarik dengan fasilitas kosannya;9,07;25000;2;3;3;2;3;2;2
13/02/2024 14.12;ITERA;254;Perempuan;22;FTIK;Teknik Sipil;4;3,1 jt – 4 jt;3;2;2;Mobil Pribadi;Labuhan Ratu;Rumah pribadi/rumah keluarga;Family 4;Dengan keluarga;6,18;200000;0;0;3;0;2;3;0
13/02/2024 14.22;ITERA;255;Laki-laki;21;FTI;Rekayasa Kehutanan;3;1 jt – 2 jt;0;0;0;Kendaraan Bermotor (menumpang dengan keluarga/teman);way huwi;Kos Sendiri;gang kenari;dekat kampus dan warung makan;2,63;20000;2;4;4;4;2;0;3
13/02/2024 14.32;ITERA;256;Laki-laki;22;FTIK;Teknik Sipil;4;2,1 jt – 3 jt;1;0;0;Sepeda Motor Pribadi;Harapan Jaya;Kos Sendiri;Jl. Senopati;dekat kampus;5,84;30000;3;3;3;3;5;3;0
13/02/2024 14.41;ITERA;257;Perempuan;21;FTIK;Teknik Sipil;4;1 jt – 2 jt;1;0;0;Sepeda Motor Pribadi;Way Huwi;Rumah mengontrak bersama-sama;Jl. Swadaya;Biaya murah;10,52;25000;2;0;0;2;2;3;5
13/02/2024 14.55;ITERA;258;Laki-laki;22;FTI;Teknik Fisika;4;1 jt – 2 jt;2;1;1;Sepeda Motor Pribadi;kedamaian;Rumah pribadi/rumah keluarga;jalan manggis v;dengan keluarga, lingkungan aman dan nyaman;9,73;40000;0;2;2;2;4;3;0
13/02/2024 15.05;ITERA;259;Laki-laki;23;FTIK;Teknik Sipil;4;2,1 jt – 3 jt;2;2;2;Mobil Pribadi;labuhan dalam;Rumah pribadi/rumah keluarga;jl. flamboyan iv;lingkungan asri dan aman;7,51;180000;0;2;2;2;2;0;0
13/02/2024 15.14;ITERA;260;Laki-laki;22;FTIK;Teknik Sipil;4;1 jt – 2 jt;1;0;0;Sepeda Motor Pribadi;Jatimulyo;Rumah bersama saudara;Gang Durian 16;Karna saudara memiliki kamar yg kosong dan disarankan untuk tinggal dirumahnya selama kuliah karna jauh untuk pulang-pergi;3,77;25000;3;0;2;0;2;2;0
13/02/2024 16.41;ITERA;261;Laki-laki;22;FTIK;Teknik Sipil;4;1 jt – 2 jt;1;0;0;Sepeda Motor Pribadi;Way Huwi;Kos Sendiri;Gg. Perwira 2;Dekat kampus;4,29;20000;2;2;2;2;2;3;2
13/02/2024 16.49;ITERA;262;Laki-laki;21;FTI;Rekayasa Kehutanan;3;1 jt – 2 jt;1;0;0;Sepeda Motor Pribadi;Way Huwi;Kos Sendiri;Gg. Setia 1;dekat dengan kampus dan efisiensi waktu;4,75;24000;3;4;4;4;4;0;2
13/02/2024 16.56;ITERA;263;Perempuan;21;FTI;Rekayasa Kehutanan;3;1 jt – 2 jt;0;0;0;Transportasi Online;Way Huwi;Kos Sendiri;Jl. Way Huwi;Dekat kampus dan biaya murah;6,24;39000;2;2;2;2;2;2;2
13/02/2024 17.03;ITERA;264;Laki-laki;22;FTI;Rekayasa Kehutanan;3;< 1 jt;1;0;0;Sepeda Motor Pribadi;Way huwi;Rumah mengontrak bersama-sama;Gang AL IKHLAS 1;Ditawari oleh saudara;5,4;27000;2;4;4;4;4;0;0
13/02/2024 17.13;ITERA;265;Perempuan;20;FTIK;Teknik Sipil;3;1 jt – 2 jt;1;0;0;Sepeda Motor Pribadi;Way Huwi;Kos Sendiri;Jl. Raden Saleh;Dekat dengan kampus;3,77;20000;2;3;3;3;3;2;2
13/02/2024 17.24;ITERA;266;Laki-laki;22;FTI;Rekayasa Kehutanan;3;< 1 jt;0;0;1;Sepeda;Wayhuwi;Kos Sendiri;Gang Mangga;dekat dengan kampus;13,31;10000;2;4;4;4;3;2;2
13/02/2024 19.58;ITERA;267;Perempuan;21;FTIK;Teknik Sipil;3;> 4 jt;3;2;3;Mobil Pribadi;Bumi Raya;Rumah pribadi/rumah keluarga;Nila IX;Lingkungan nyaman dan aman bersama keluarga;4,87;200000;3;4;4;4;4;0;3
13/02/2024 20.12;ITERA;268;Perempuan;21;FTIK;Teknik Sipil;3;1 jt – 2 jt;1;0;0;Sepeda Motor Pribadi;Sukarame;Kos Sendiri;Jl. Parkit;Lokasi didalam perumahan;7,95;20000;3;4;4;4;2;2;0
13/02/2024 20.21;ITERA;269;Laki-laki;22;FTIK;Teknik Sipil;3;2,1 jt – 3 jt;0;1;0;Mobil Pribadi;Tanjung Senang;Rumah bersama saudara;Jalan Seroja;bersama saudara karna ada garasi mobil;5,4;100000;2;3;2;2;4;0;0
13/02/2024 20.44;ITERA;270;Perempuan;21;FTI;Teknik Sistem Energi;3;< 1 jt;0;0;0;Transportasi Online;Way Huwi;Rumah mengontrak bersama-sama;Jl. Raden Saleh;Kontrakan murah karna bersama teman dan kamar banyak;4,96;60000;2;2;4;2;2;0;2
13/02/2024 21.05;ITERA;271;Laki-laki;20;FTI;Teknik Sistem Energi;2;< 1 jt;1;0;0;Sepeda Motor Pribadi;way huwi;Kos Sendiri;Gg. Selamat;Dekat kampus;9,89;22000;3;4;4;4;2;3;0
13/02/2024 21.20;ITERA;272;Laki-laki;21;FTI;Teknik Sistem Energi;3;1 jt – 2 jt;1;0;0;Sepeda Motor Pribadi;Karang Anyar;Rumah bersama saudara;Jl. Permata 7;Tidak mengeluarkan biaya;3,68;40000;2;2;4;4;0;0;0
13/02/2024 21.38;ITERA;273;Laki-laki;21;FTI;Teknik Sistem Energi;3;< 1 jt;0;0;0;Berjalan Kaki;Way huwi;Rumah mengontrak bersama-sama;Jl. kelengkeng 6;kontrakan dekat dengan kampus;2,78;0;3;2;0;4;5;2;2
13/02/2024 21.46;ITERA;274;Perempuan;21;FTI;Teknik Sistem Energi;2;1 jt – 2 jt;1;0;0;Sepeda Motor Pribadi;Way Huwi;Kos Sendiri;Jl. Lapas;dekat dengan kampus;3,96;15000;2;2;2;2;2;0;0
13/02/2024 21.55;ITERA;275;Laki-laki;21;FTIK;Teknik Sipil;3;2,1 jt – 3 jt;0;0;0;Transportasi Online;Way Dadi;Rumah bersama saudara;Jalan Jambu;Disarankan tinggal bersama saudara karna ada yang menjaga;1,78;70000;2;2;2;2;2;1;0
13/02/2024 22.08;ITERA;276;Perempuan;22;FTIK;Teknik Sipil;3;2,1 jt – 3 jt;1;0;0;Sepeda Motor Pribadi;Harapan Jaya;Kos Sendiri;Gang Nangka 4;Aman dan ada ac nya;2,07;30000;2;4;4;4;3;2;3
13/02/2024 22.39;ITERA;277;Perempuan;20;FTI;Teknik Sistem Energi;3;1 jt – 2 jt;1;0;0;Sepeda Motor Pribadi;Harapan Jaya;Kos Sendiri;Perum Korpri Blok D8;Jalanan masih ramai dan tidak sepi;6,67;25000;2;4;0;4;2;3;0
13/02/2024 22.51;ITERA;278;Perempuan;22;FTIK;Teknik Sipil;4;1 jt – 2 jt;1;0;0;Sepeda Motor Pribadi;way dadi;Rumah mengontrak bersama-sama;Jl. Pulau Damar;harga kontrakan terjangkau dan terdapat ruang tamu;5,08;20000;2;0;3;0;2;2;0
13/02/2024 23.13;ITERA;279;Perempuan;21;FTI;Rekayasa Kehutanan;3;< 1 jt;1;0;0;Sepeda Motor Pribadi;Way Huwi;Rumah bersama saudara;Jl. Harapan;dekat dengan kampus;2,08;30000;3;4;4;4;4;3;2
13/02/2024 23.24;ITERA;280;Laki-laki;22;FTIK;Teknik Sipil;4;1 jt – 2 jt;1;0;0;Sepeda Motor Pribadi;harapan jaya;Kos Sendiri;jl. nangka 3;dekat dengan gerbang belakang ITERA;5,16;30000;2;3;0;0;4;2;0
13/02/2024 23.34;ITERA;281;Laki-laki;21;FTI;Teknik Sistem Energi;3;< 1 jt;1;0;0;Sepeda Motor Pribadi;harapan jaya;Kos Sendiri;jalan kemuning 2;lokasi strategis;8,19;26000;2;4;4;4;4;0;0
14/02/2024 09.59;ITERA;282;Perempuan;20;FTI;Rekayasa Kosmetik;2;< 1 jt;2;0;0;Sepeda Motor Pribadi;Sabah Balau;Rumah pribadi/rumah keluarga;Jl. Perjuangan dusun 3A;Dengan keluarga;9,01;35000;1;1;1;1;1;1;1
14/02/2024 11.58;ITERA;283;Perempuan;21;FTI;Teknik Informatika;4;1 jt – 2 jt;1;0;0;Sepeda Motor Pribadi;Jatimulyo;Rumah bersama saudara;Jalan Tiara Garden, Jatimulyo, Kec. Jati Agung, Kabupaten Lampung Selatan, Lampung;Dengan keluarga;3,7;20000;4;4;4;4;4;4;2
14/02/2024 14.44;ITERA;284;Perempuan;20;FTI;Teknik Biosistem;3;< 1 jt;0;0;0;Transportasi Online;Way Huwi;Kos bersama-sama;Jl. Lapas Raya;Lokasi dekat dengan Kampus;5,99;45000;4;0;4;2;0;0;0
14/02/2024 15.09;ITERA;285;Laki-laki;20;FTI;Teknik Material;2;< 1 jt;1;0;0;Sepeda Motor Pribadi;Sabah Balau;Rumah bersama saudara;Perum Griya Cemerlang 2;Dengan saudara;2,75;30000;4;2;2;0;0;0;0
14/02/2024 15.27;ITERA;286;Perempuan;19;FTI;Teknik Material;2;2,1 jt – 3 jt;0;0;0;Transportasi Online;Way Huwi;Kos Sendiri;Gg. Sakum;Dekat dengan kampus;5,57;80000;3;2;4;4;2;0;2
14/02/2024 15.35;ITERA;287;Perempuan;21;FTIK;Teknik Sipil;3;1 jt – 2 jt;0;0;0;Kendaraan Bermotor (menumpang dengan keluarga/teman);Korpri Raya;Rumah mengontrak bersama-sama;Jl. Satria 3;Harga kontrakan murah karna bersama teman;5,29;15000;2;4;0;4;4;0;2
14/02/2024 15.46;ITERA;288;Perempuan;20;FTI;Teknik Material;2;2,1 jt – 3 jt;1;0;0;Sepeda Motor Pribadi;Sukarame;Rumah mengontrak bersama-sama;Jl. Pulau Hara;Kontrakan bagus dan lokasi yang strategis;9,27;40000;2;2;4;4;3;2;2
14/02/2024 15.59;ITERA;289;Laki-laki;21;FTIK;Teknik Sipil;3;3,1 jt – 4 jt;3;3;4;Mobil Pribadi;Labuhan Ratu;Rumah pribadi/rumah keluarga;Jl. Palapa 7;Dengan keluarga;5,08;200000;4;4;4;4;5;2;2
14/02/2024 16.11;ITERA;290;Laki-laki;20;FTI;Teknik Material;2;1 jt – 2 jt;1;0;0;Sepeda Motor Pribadi;Way Huwi;Kos Sendiri;Jl. Harapan;Dekat dengan kampus;2,78;25000;4;2;2;0;3;2;4
14/02/2024 16.25;ITERA;291;Perempuan;21;FTI;Teknik Biosistem;3;1 jt – 2 jt;1;0;0;Sepeda Motor Pribadi;Way Huwi;Kos Sendiri;Jl. Lapas;dekat kampus;2,79;30000;4;2;4;4;0;5;0
14/02/2024 16.37;ITERA;292;Perempuan;19;FTIK;Teknik Sipil;2;1 jt – 2 jt;1;0;0;Sepeda Motor Pribadi;Harapan Jaya;Rumah bersama saudara;Jl. Veteran I;dengan saudara agar tidak mengeluarkan biaya kos;2,08;20000;2;2;2;0;2;0;0
14/02/2024 16.50;ITERA;293;Laki-laki;20;FTIK;Teknik Sipil;2;2,1 jt – 3 jt;1;0;0;Sepeda Motor Pribadi;Harapan Jaya;Kos Sendiri;Jl. Nangka III;dekat dengan kampus;2,08;24000;3;3;4;2;4;2;2
14/02/2024 16.55;ITERA;294;Laki-laki;20;FTIK;Teknik Sipil;2;1 jt – 2 jt;1;0;0;Sepeda Motor Pribadi;Harapan Jaya;Kos Sendiri;Jl. Nangka 3, Kost Mutiara;akses kampus mudah;5,14;20000;3;3;4;0;3;2;0
14/02/2024 17.08;ITERA;295;Laki-laki;20;FTI;Teknik Material;2;1 jt – 2 jt;1;0;0;Sepeda Motor Pribadi;Way Huwi;Kos bersama-sama;Gg. Anggrek;Sewa kos bisa berdua;3,77;40000;3;3;5;4;5;0;4
14/02/2024 17.23;ITERA;296;Perempuan;19;FTI;Teknik Material;2;1 jt – 2 jt;0;0;1;Transportasi Online;Way Huwi;Kos Sendiri;Gg. Perwira I;Jarak menuju kampus lumayan dekat;5,8;0;2;2;4;4;2;3;2
14/02/2024 17.29;ITERA;297;Laki-laki;21;FTIK;Teknik Sipil;3;2,1 jt – 3 jt;2;1;2;Sepeda Motor Pribadi;Way Halim Permai;Rumah pribadi/rumah keluarga;Jl. Alam Indah;dengan keluarga;3,52;30000;2;2;2;2;4;0;0
14/02/2024 17.34;ITERA;298;Perempuan;22;FTI;Teknik Biosistem;4;1 jt – 2 jt;1;0;0;Sepeda Motor Pribadi;Way Huwi;Rumah mengontrak bersama-sama;Jl. Durian 3;Kontrakan strategis di pemda;2,78;15000;2;0;0;2;0;0;0
14/02/2024 18.32;ITERA;299;Perempuan;22;FTI;Teknik Biosistem;4;1 jt – 2 jt;1;0;0;Sepeda Motor Pribadi;Way Huwi;Kos Sendiri;Jl. Lapas;dekat dengan kampus;5,8;20000;2;2;2;2;2;2;0
14/02/2024 18.54;ITERA;300;Laki-laki;22;FTI;Teknik Elektro;4;< 1 jt;1;0;0;Sepeda Motor Pribadi;Way Huwi;Rumah mengontrak bersama-sama;Gg. Barokah;Diajak oleh teman;6,86;30000;4;4;0;2;3;2;2
14/02/2024 19.00;ITERA;301;Laki-laki;22;FTI;Teknik Mesin;4;1 jt – 2 jt;1;0;0;Sepeda Motor Pribadi;perumnas way kandis;Rumah mengontrak bersama-sama;jl bunga sepatu 2;aman dan nyaman;6,62;30000;3;0;2;0;0;0;3
14/02/2024 19.03;ITERA;302;Laki-laki;21;FTI;Teknik Biosistem;3;1 jt – 2 jt;1;0;0;Sepeda Motor Pribadi;Way Dadi;Kos Sendiri;Gg. Teratai;Lokasi kosan tidak sepi;4,85;20000;2;0;2;2;2;0;0
14/02/2024 19.09;ITERA;303;Laki-laki;22;FTI;Teknik Informatika;4;1 jt – 2 jt;3;1;2;Sepeda Motor Pribadi;Sukarame;Rumah pribadi/rumah keluarga;Gg. Waru;Tinggal dengan keluarga;2,39;30000;4;2;2;4;4;2;2
14/02/2024 20.08;ITERA;304;Laki-laki;21;FTI;Teknik Industri;3;1 jt – 2 jt;1;0;0;Sepeda Motor Pribadi;Harapan Jaya;Kos Sendiri;Jl. Pangeran Senopati Raya;Dekat dengan gerbang belakang kampus;6,5;25000;3;2;4;0;2;0;0
14/02/2024 20.17;ITERA;305;Laki-laki;21;FTI;Teknik Industri;3;< 1 jt;1;0;0;Sepeda Motor Pribadi;Way Dadi;Rumah bersama saudara;Jl. Perjuangan;Tinggal bersama saudara;2,91;30000;3;2;2;0;2;0;2
14/02/2024 20.25;ITERA;306;Perempuan;21;FTI;Teknik Biomedis;4;1 jt – 2 jt;1;0;0;Transportasi Online;Way Huwi;Kos Sendiri;Jl. Kaswari;dekat dengan kampus;2,78;55000;0;2;2;2;2;2;2
14/02/2024 20.40;ITERA;307;Laki-laki;19;FTI;Teknologi Industri Pertanian;1;1 jt – 2 jt;0;0;0;Berjalan Kaki;Way Huwi;Kos Sendiri;Jl. Lapas;dengan saudara;3,77;0;4;4;4;4;3;0;0
14/02/2024 20.49;ITERA;308;Perempuan;19;FTI;Teknologi Industri Pertanian;1;1 jt – 2 jt;0;0;0;Transportasi Online;Way Huwi;Kos Sendiri;Gg. Perwira 2;Mudah untuk kekampus karna dekat;4,03;45000;2;4;2;2;2;2;0
14/02/2024 20.56;ITERA;309;Perempuan;22;FTI;Teknik Informatika;4;1 jt – 2 jt;0;0;0;Kendaraan Bermotor (menumpang dengan keluarga/teman);Way Huwi;Kos Sendiri;Gg. Komando;Biaya kosan murah pertahun;5,4;15000;4;2;2;0;0;0;2
14/02/2024 21.06;ITERA;310;Perempuan;21;FTI;Teknik Informatika;4;1 jt – 2 jt;0;0;0;Transportasi Online;Way Huwi;Rumah mengontrak bersama-sama;Jl. Raden Saleh;Diajak oleh teman karna biaya kontrakan murah;3,57;70000;2;2;0;2;2;0;3
14/02/2024 21.21;ITERA;311;Perempuan;18;FTI;Teknik Kimia;1;< 1 jt;0;0;1;Sepeda;Way Huwi;Kos Sendiri;Jl. Manggis Raya;dekat dengan kampus dan tidak lama untuk menuju kampus;5,24;0;4;3;2;0;2;0;0
14/02/2024 21.38;ITERA;312;Laki-laki;22;FTI;Teknik Pertambangan;4;1 jt – 2 jt;0;0;0;Kendaraan Bermotor (menumpang dengan keluarga/teman);Way Huwi;Rumah mengontrak bersama-sama;Gg. Merpati;Lingkungan nyaman;7,13;20000;2;3;3;0;2;0;2
14/02/2024 21.50;ITERA;313;Laki-laki;22;FTI;Teknik Informatika;4;1 jt – 2 jt;3;1;2;Sepeda Motor Pribadi;Sukabumi;Rumah pribadi/rumah keluarga;Gang Murray I;dengan keluarga;5,84;35000;4;2;2;4;4;2;0
15/02/2024 15.21;ITERA;314;Perempuan;19;FTI;Teknik Biomedis;2;< 1 jt;0;0;0;Kendaraan Bermotor (menumpang dengan keluarga/teman);way huwi;Rumah mengontrak bersama-sama;Jl. Swadaya;lingkungan nyaman;2,87;15000;2;2;2;2;2;2;0
15/02/2024 15.30;ITERA;315;Perempuan;20;FTI;Teknik Biomedis;2;1 jt – 2 jt;0;0;0;Transportasi Online;Korpri;Kos Sendiri;Blok A5-A6;Kosan aman dan direkomendasikan oleh teman;6,52;65000;4;4;4;4;0;2;2
15/02/2024 15.48;ITERA;316;Laki-laki;23;FTI;Teknik Telekomunikasi;4;< 1 jt;0;0;0;Kendaraan Bermotor (menumpang dengan keluarga/teman);Way Dadi;Rumah mengontrak bersama-sama;Gg. Murai I;Kontrakan terdapat banyak kamar;4,88;0;0;0;0;2;5;0;0
15/02/2024 15.58;ITERA;317;Perempuan;19;FTI;Teknik Biomedis;2;1 jt – 2 jt;1;0;0;Sepeda Motor Pribadi;Sukarame;Kos bersama-sama;Jl. Hasan Raya;Menghemat biaya karna bersama teman;4,88;30000;4;4;4;4;0;0;3
15/02/2024 16.02;ITERA;318;Perempuan;20;FTI;Teknik Biomedis;2;< 1 jt;0;0;0;Kendaraan Bermotor (menumpang dengan keluarga/teman);Sukarame;Kos bersama-sama;Jl. Hasan Raya;Murah karna biaya kosan dibagi dua dengan teman;8,19;15000;4;4;4;4;2;2;0
15/02/2024 16.14;ITERA;319;Laki-laki;22;FTI;Teknik Telekomunikasi;4;1 jt – 2 jt;2;1;1;Mobil Pribadi;Tanjung Baru;Rumah pribadi/rumah keluarga;Gg. Kimas Calang;lingkungan aman dan asri;2,96;150000;3;2;4;2;4;0;2
15/02/2024 16.31;ITERA;320;Perempuan;21;FTI;Teknik Telekomunikasi;4;1 jt – 2 jt;0;0;0;Kendaraan Bermotor (menumpang dengan keluarga/teman);Harapan Jaya;Kos Sendiri;Jl. Nakulo 2;dekat dengan kampus;0,72;0;2;2;2;2;3;0;2
15/02/2024 16.42;ITERA;321;Perempuan;19;FTI;Teknik Geofisika;1;< 1 jt;0;0;0;Berjalan Kaki;Way Huwi;Asrama;Jl. terusan Ryacudu;Biaya murah;2,78;0;2;2;0;2;4;0;0
15/02/2024 17.12;ITERA;322;Perempuan;20;FTI;Teknologi Pangan;2;1 jt – 2 jt;0;0;0;Transportasi Online;Way Huwi;Kos bersama-sama;Jl. Lapas;Kosan murah dan kamar cukup besar untuk berdua;0,72;60000;4;2;0;4;4;0;0
15/02/2024 17.14;ITERA;323;Perempuan;18;FTI;Teknik Biomedis;1;< 1 jt;0;0;0;Berjalan Kaki;Way Huwi;Asrama;Jalan Terusan Ryacudu;Harga yang murah;8,62;0;2;0;4;2;2;2;0
15/02/2024 17.25;ITERA;324;Perempuan;20;FTI;Teknologi Pangan;2;< 1 jt;0;0;0;Kendaraan Bermotor (menumpang dengan keluarga/teman);Fajar Baru;Rumah mengontrak bersama-sama;Jl. Bumi Harta;Lingkungan sepi tidak ramai;6,73;0;2;2;0;2;0;0;2
15/02/2024 17.38;ITERA;325;Perempuan;21;FTI;Teknik Telekomunikasi;3;1 jt – 2 jt;0;0;0;Transportasi Online;Way Dadi;Kos Sendiri;Jl. Perintis E;kosan dekat dengan jalanan umum;6,03;45000;2;4;2;2;2;0;0
15/02/2024 17.55;ITERA;326;Laki-laki;21;FTI;Teknik Telekomunikasi;3;1 jt – 2 jt;0;0;0;Kendaraan Bermotor (menumpang dengan keluarga/teman);Way Dadi;Rumah mengontrak bersama-sama;Jl. Mangga 2;biaya sewa kontrakan murah dan lingkungan nyaman;3,77;20000;2;2;2;2;5;2;0
15/02/2024 18.00;ITERA;327;Laki-laki;19;FTI;Teknik Elektro;1;1 jt – 2 jt;0;0;1;Sepeda;Way Huwi;Kos Sendiri;Gg. Perwira 2;Akses ke kampus mudah;0,72;0;4;2;2;2;4;0;2
15/02/2024 18.09;ITERA;328;Perempuan;19;FTI;Teknik Kimia;1;< 1 jt;0;0;0;Berjalan Kaki;Way Huwi;Asrama;Jl. terusan ryacudu;Dekat dengan kampus;5,19;0;4;4;4;0;0;2;0
15/02/2024 18.09;ITERA;329;Laki-laki;20;FTI;Teknologi Pangan;2;1 jt – 2 jt;0;0;0;Transportasi Online;Sukarame;Rumah mengontrak bersama-sama;Jl. Cendana I;Dicarikan oleh teman karna ingin mencari yang aman;8,62;40000;2;2;2;2;3;0;0
15/02/2024 18.21;ITERA;330;Perempuan;20;FTI;Teknologi Pangan;3;2,1 jt – 3 jt;3;2;2;Mobil Pribadi;Kedamaian;Rumah pribadi/rumah keluarga;Gg. Langgar 3;Bersama keluarga;3,82;200000;2;2;0;2;2;2;2
15/02/2024 18.35;ITERA;331;Perempuan;19;FTI;Teknik Biomedis;2;2,1 jt – 3 jt;0;0;0;Transportasi Online;way huwi;Kos Sendiri;gg poncowati;dekat dengan itera;3,68;70000;4;2;2;2;2;2;0
15/02/2024 18.41;ITERA;332;Perempuan;20;FTI;Teknik Biomedis;2;1 jt – 2 jt;0;0;0;Kendaraan Bermotor (menumpang dengan keluarga/teman);Way Huwi;Kos bersama-sama;Jl. Kelengkeng 6;dekat kampus;1,78;35000;4;4;4;4;0;0;0
15/02/2024 18.47;ITERA;333;Laki-laki;20;FTI;Teknologi Pangan;2;1 jt – 2 jt;0;0;0;Kendaraan Bermotor (menumpang dengan keluarga/teman);Harapan Jaya;Kos Sendiri;Gg. Nangka 4;dekat dengan kampus;6,99;0;2;4;4;0;3;0;0
15/02/2024 18.56;ITERA;334;Laki-laki;20;FTI;Teknologi Pangan;2;2,1 jt – 3 jt;0;0;0;Kendaraan Bermotor (menumpang dengan keluarga/teman);Way huwi;Rumah bersama saudara;Gg damai I;diperbolehkan oleh saudara;4,75;25000;2;2;2;2;2;0;2
15/02/2024 19.03;ITERA;335;Perempuan;20;FTI;Teknik Telekomunikasi;3;1 jt – 2 jt;1;0;0;Sepeda Motor Pribadi;Way huwi;Kos bersama-sama;Jl. way huwi;kosan strategis dekat kampus;4,75;20000;3;2;3;0;2;2;0
15/02/2024 19.06;ITERA;336;Perempuan;21;FTI;Teknik Telekomunikasi;3;< 1 jt;0;0;0;Kendaraan Bermotor (menumpang dengan keluarga/teman);Way Huwi;Kos bersama-sama;Jl. Way Huwi;biaya kosan murah karna dibagi berdua sama temen;8,76;30000;3;2;2;2;2;0;0
15/02/2024 19.14;ITERA;337;Perempuan;21;FTI;Teknik Pertambangan;4;2,1 jt – 3 jt;0;0;0;Kendaraan Bermotor (menumpang dengan keluarga/teman);Tanjung Senang;Rumah bersama saudara;Gg. Kilas 3;lingkungan nyaman;6,68;0;2;0;0;0;2;0;0
15/02/2024 19.26;ITERA;338;Laki-laki;22;FTI;Teknik Pertambangan;4;1 jt – 2 jt;0;0;0;Kendaraan Bermotor (menumpang dengan keluarga/teman);way huwi;Rumah mengontrak bersama-sama;gang kutilang 5;kontrakan bagus;1,78;0;0;0;3;0;3;0;0
15/02/2024 19.30;ITERA;339;Laki-laki;18;FTI;Teknologi Pangan;1;1 jt – 2 jt;0;0;0;Transportasi Online;Harapan Jaya;Kos Sendiri;Gg. Nangka 4;Murah dan Fasilitaa kos memadai;6,33;100000;0;4;4;2;5;0;2
15/02/2024 19.38;ITERA;340;Laki-laki;21;FTI;Teknik Telekomunikasi;3;1 jt – 2 jt;0;0;0;Kendaraan Bermotor (menumpang dengan keluarga/teman);Perumnas Way Kandis;Rumah bersama saudara;Jl. Pulau Raya;disarankan oleh saudara untuk tinggal selama kuliah;2,66;35000;2;4;2;2;4;0;0
15/02/2024 19.52;ITERA;341;Perempuan;22;FTI;Teknik Pertambangan;4;2,1 jt – 3 jt;0;0;0;Transportasi Online;Korpri;Kos Sendiri;Blok B3-B4;Tertarik dengan fasilitas;10,48;40000;2;2;2;0;2;3;3
15/02/2024 20.07;ITERA;342;Perempuan;22;FTI;Teknik Pertambangan;4;2,1 jt – 3 jt;3;2;3;Mobil Pribadi;Gunung Terang;Rumah pribadi/rumah keluarga;Gg. Swadaya 7 Indah II;Tinggal bersama keluarga;3,09;225000;2;2;0;2;0;3;0
15/02/2024 20.12;ITERA;343;Laki-laki;21;FTI;Teknik Informatika;3;1 jt – 2 jt;1;0;0;Sepeda Motor Pribadi;Harapan Jaya;Kos Sendiri;Gg. Arjuna;Dekat kampus;7,22;36000;4;2;3;0;4;0;2
15/02/2024 20.21;ITERA;344;Laki-laki;20;FTI;Teknologi Industri Pertanian;2;< 1 jt;1;0;0;Sepeda Motor Pribadi;Sukabumi;Rumah bersama saudara;Gg. Beruang;tinggal bersama saudara;4,85;30000;2;4;2;4;5;0;0
15/02/2024 20.26;ITERA;345;Perempuan;20;FTI;Teknologi Industri Pertanian;2;1 jt – 2 jt;0;0;0;Kendaraan Bermotor (menumpang dengan keluarga/teman);Way Huwi;Kos Sendiri;Gg. Mawar II;Kosan murah dengan fasilitas lengkap;2,78;0;2;2;2;2;2;2;0
15/02/2024 20.28;ITERA;346;Laki-laki;18;FTI;Teknik Telekomunikasi;1;1 jt – 2 jt;0;0;0;Kendaraan Bermotor (menumpang dengan keluarga/teman);Way Huwi;Kos Sendiri;Jalan lapas;Lingkungan nyaman;5,14;10000;2;2;2;0;5;2;0
15/02/2024 20.31;ITERA;347;Perempuan;19;FTI;Teknologi Industri Pertanian;2;1 jt – 2 jt;0;0;0;Transportasi Online;Way Huwi;Kos bersama-sama;Gg. Pendidikan;Kamar kos memiliki lebar yang luas ;5,24;70000;2;4;2;2;2;2;0
15/02/2024 20.41;ITERA;348;Laki-laki;21;FTI;Teknik Pertambangan;3;< 1 jt;0;0;0;Kendaraan Bermotor (menumpang dengan keluarga/teman);Way Huwi;Rumah mengontrak bersama-sama;Gg. Merpati;Lokasi dekat dengan tempat makan dan masjid;3,03;20000;3;2;2;2;4;2;2
15/02/2024 20.56;ITERA;349;Perempuan;20;FTI;Teknologi Industri Pertanian;2;2,1 jt – 3 jt;0;0;0;Transportasi Online;Way Dadi;Kos bersama-sama;Jl. Pulau Pisang;Akses keluar masuk jalan mudah;2,05;90000;4;2;4;4;2;2;2
15/02/2024 21.44;ITERA;350;Perempuan;19;FTI;Teknik Biomedis;1;1 jt – 2 jt;0;0;0;Kendaraan Bermotor (menumpang dengan keluarga/teman);Harapan Jaya;Kos Sendiri;Jl nangka 3;Murah dan dekat kampus;1,79;0;2;0;5;2;2;0;0
15/02/2024 21.51;ITERA;351;Laki-laki;19;FTI;Teknik Industri;1;< 1 jt;0;0;0;Berjalan Kaki;Way Huwi;Asrama;Jalan terusan ryacudu;Biaya murah;2,89;0;2;2;2;0;5;0;0
15/02/2024 22.02;ITERA;352;Laki-laki;18;FTI;Teknik Pertambangan;1;1 jt – 2 jt;0;0;1;Sepeda;Way Huwi;Kos Sendiri;Jalan kaswari;Lingkungan nyaman dan murah;0,72;0;4;4;2;4;2;2;0
15/02/2024 22.21;ITERA;353;Perempuan;18;FTI;Teknik Geologi;1;< 1 jt;0;0;0;Berjalan Kaki;Way Huwi;Asrama;Jl terusan ryacudu;Biaya murah ;7,12;0;4;5;2;2;4;0;0
18/02/2024 22.44;ITERA;354;Laki-laki;21;FTI;Teknologi Industri Pertanian;2;1 jt – 2 jt;2;1;2;Sepeda Motor Pribadi;Gunung Sulah;Rumah pribadi/rumah keluarga;Gg Satria;dengan keluarga;7,04;40000;2;4;2;4;5;0;0
18/02/2024 22.51;ITERA;355;Laki-laki;21;FTI;Teknik Pertambangan;3;3,1 jt – 4 jt;2;2;2;Mobil Pribadi;Perumnas Way Kandis;Rumah pribadi/rumah keluarga;Jl. Bunga Lili I;tinggal dengan keluarga;3,57;100000;3;3;2;0;3;0;4
18/02/2024 22.58;ITERA;356;Perempuan;21;FTI;Teknik Pertambangan;3;< 1 jt;0;0;0;Kendaraan Bermotor (menumpang dengan keluarga/teman);Way Huwi;Kos Sendiri;Jl. Manggis Raya;Dekat dengan kampus;3,87;0;3;4;0;2;0;0;2
18/02/2024 23.11;ITERA;357;Perempuan;18;FTI;Teknologi Industri Pertanian;2;< 1 jt;0;0;0;Transportasi Online;way huwi;Rumah mengontrak bersama-sama;jl. durian 11;biaya murah;7,82;50000;2;2;2;2;2;2;2
18/02/2024 23.20;ITERA;358;Perempuan;19;FTI;Teknologi Industri Pertanian;2;2,1 jt – 3 jt;0;0;0;Transportasi Online;Way Huwi;Rumah bersama saudara;Gg. Tamin;Tidak mengeluarkan biaya karena saudara dekat;5,57;45000;2;0;2;2;2;0;0
18/02/2024 23.37;ITERA;359;Laki-laki;20;FTI;Teknologi Industri Pertanian;2;1 jt – 2 jt;1;0;0;Sepeda Motor Pribadi;Harapan jaya;Kos Sendiri;Jl. Satria;Tertarik karna harga terjangkau;5,29;42000;3;4;0;4;5;3;3
18/02/2024 23.50;ITERA;360;Laki-laki;22;FTI;Teknik Pertambangan;3;1 jt – 2 jt;1;0;0;Sepeda Motor Pribadi;Sukarame;Rumah mengontrak bersama-sama;Gg. Wisma 1;kontrakan dekat dengan perumahan dan ada keamanan ronda di malam hari;2,78;30000;4;4;0;2;4;0;0
18/02/2024 23.58;ITERA;361;Laki-laki;21;FTI;Teknik Pertambangan;3;2,1 jt – 3 jt;1;0;0;Sepeda Motor Pribadi;Way Huwi;Kos Sendiri;Jl. Lapas;akses ke kampus mudah;3,57;35000;4;4;3;3;2;2;3
19/02/2024 00.09;ITERA;362;Perempuan;21;FTI;Teknik Pertambangan;3;1 jt – 2 jt;0;0;0;Transportasi Online;Way huwi;Rumah mengontrak bersama-sama;Jl. Durian 4;Dekat dengan kampus dan dekat dengan jualan makanan;1,78;40000;2;2;0;2;2;0;0
19/02/2024 00.15;ITERA;363;Perempuan;21;FTI;Teknik Industri;4;2,1 jt – 3 jt;0;0;0;Transportasi Online;Korpri;Kos Sendiri;Gg. Nangka 4;Kost dengan fasilitas lengkap;7,13;55000;2;3;0;0;2;0;2
19/02/2024 00.21;ITERA;364;Laki-laki;22;FTI;Teknik Industri;4;2,1 jt – 3 jt;3;1;2;Sepeda Motor Pribadi;sukarame;Rumah pribadi/rumah keluarga;jl. raflesia;dengan keluarga;2,12;25000;2;2;2;0;2;0;2
19/02/2024 15.22;ITERA;365;Perempuan;21;FTI;Teknik Informatika;3;1 jt – 2 jt;0;0;0;Berjalan Kaki;Harapan Jaya;Kos Sendiri;Jl. Nangka 2;dekat dengan kampus;3,7;0;2;2;2;0;0;2;0
19/02/2024 15.30;ITERA;366;Perempuan;21;FTI;Teknik Industri;4;1 jt – 2 jt;0;0;0;Transportasi Online;way huwi;Kos Sendiri;jalan lapas raya;akses ke kampus mudah;5,02;50000;2;2;0;2;2;2;0
19/02/2024 15.41;ITERA;367;Perempuan;20;FTI;Teknik Industri;2;< 1 jt;1;0;0;Sepeda Motor Pribadi;Harapan Jaya;Rumah mengontrak bersama-sama;Jl. Hasan I;dekat dengan jalan raya;2,75;40000;4;3;4;4;2;2;3
19/02/2024 15.50;ITERA;368;Perempuan;19;FTI;Teknik Industri;2;1 jt – 2 jt;0;0;1;Sepeda;Way Huwi;Kos Sendiri;Gg. Sakum;kosan dekat dengan kampus;5,4;0;3;4;0;2;2;0;0
19/02/2024 15.59;ITERA;369;Laki-laki;21;FTI;Teknik Informatika;3;1 jt – 2 jt;1;0;0;Sepeda Motor Pribadi;Way Huwi;Kos Sendiri;Jl. Raden Saleh;dekat dengan masjid dan lingkungan nyaman;5,68;30000;2;2;2;0;2;0;2
19/02/2024 16.08;ITERA;370;Laki-laki;21;FTI;Teknik Informatika;3;1 jt – 2 jt;1;0;0;Sepeda Motor Pribadi;Harapan Jaya;Kos bersama-sama;Jl. Lampung Jaya;Biaya murah karna bersama teman;5,68;50000;4;2;2;2;2;2;2
19/02/2024 16.17;ITERA;371;Perempuan;21;FTI;Teknik Industri;3;2,1 jt – 3 jt;0;0;0;Transportasi Online;Harapan Jaya;Kos Sendiri;Blok C9-C10;tertarik karna kosan yang bagus;3,77;45000;0;2;2;0;0;3;0
19/02/2024 16.32;ITERA;372;Laki-laki;21;FTI;Teknik Informatika;3;1 jt – 2 jt;1;0;1;Sepeda Motor Pribadi;Way Huwi;Kos Sendiri;Gg. Mangga;Dekat dengan kampus dan ramai tempat makan;6,41;40000;3;4;0;2;4;3;0
19/02/2024 16.49;ITERA;373;Perempuan;22;FTI;Teknik Informatika;4;2,1 jt – 3 jt;1;0;0;Sepeda Motor Pribadi;Way Dadi;Kos Sendiri;Jl. Melati;Lokasi strategis karna dekat dengan pasar dan tempat makan;5,8;40000;0;4;3;3;0;5;0
19/02/2024 17.08;ITERA;374;Perempuan;21;FTI;Teknik Industri;3;< 1 jt;1;0;0;Sepeda Motor Pribadi;Sabah Balau;Rumah bersama saudara;Jl. M. Azizy;dekat kampus ;5,26;25000;3;3;3;2;0;0;2
19/02/2024 17.31;ITERA;375;Perempuan;21;FTI;Teknik Informatika;4;2,1 jt – 3 jt;0;0;0;Transportasi Online;Way Huwi;Kos Sendiri;Gg. Leo;kosan lebar dan dekat kampus;8,08;38000;2;2;0;2;2;0;0
19/02/2024 17.42;ITERA;376;Perempuan;22;FTI;Teknik Informatika;4;1 jt – 2 jt;1;0;0;Sepeda Motor Pribadi;Tanjung Senang;Kos bersama-sama;Jl. Rumah Azka;lingkungan aman dan nyaman;4,75;40000;3;4;2;0;3;2;3
19/02/2024 17.53;ITERA;377;Perempuan;22;FTI;Teknik Informatika;4;< 1 jt;0;0;0;Kendaraan Bermotor (menumpang dengan keluarga/teman);Way Huwi;Kos Sendiri;Jl. Way Huwi;dekat dengan kampus;6,95;10000;3;2;2;3;2;0;0
19/02/2024 18.19;ITERA;378;Laki-laki;23;FTI;Teknik Informatika;4;< 1 jt;1;0;0;Sepeda Motor Pribadi;Way Dadi;Kos Sendiri;Jl. Parikesit;karna fasilitas kosan yang lengkap;3,53;35000;3;4;2;2;5;3;2
19/02/2024 18.28;ITERA;379;Laki-laki;22;FTI;Teknik Mesin;4;1 jt – 2 jt;1;0;0;Sepeda Motor Pribadi;Way Huwi;Rumah mengontrak bersama-sama;Jl. Manggis 1;dekat kampus dan dekat warsin;1,78;32000;0;3;0;2;3;2;0
19/02/2024 18.36;ITERA;380;Laki-laki;23;FTI;Teknik Mesin;4;1 jt – 2 jt;1;0;0;Sepeda Motor Pribadi;Harapan Jaya;Kos Sendiri;Gg. Nangka 4;kosan aman;2,85;25000;2;2;2;2;3;0;0
19/02/2024 18.42;ITERA;381;Laki-laki;22;FTI;Teknik Mesin;4;2,1 jt – 3 jt;1;0;0;Sepeda Motor Pribadi;Harapan Jaya;Kos Sendiri;Jl. Bima;mudah untuk kemana-mana;5,11;35000;0;2;0;0;0;2;3
19/02/2024 18.48;ITERA;382;Laki-laki;21;FTI;Teknik Mesin;4;< 1 jt;0;0;0;Kendaraan Bermotor (menumpang dengan keluarga/teman);Way Huwi;Rumah mengontrak bersama-sama;Jl. Airan 2;dekat kampus dan strategis untuk mahasiswa;3,7;20000;0;3;0;0;3;2;0
19/02/2024 18.52;ITERA;383;Laki-laki;22;FTI;Teknik Mesin;4;1 jt – 2 jt;1;0;0;Sepeda Motor Pribadi;Way Huwi;Kos Sendiri;Jl. Lapas Raya;Dekat kampus;5,61;20000;0;2;0;2;3;0;0
19/02/2024 19.02;ITERA;384;Laki-laki;23;FTI;Teknik Mesin;4;< 1 jt;0;0;0;Kendaraan Bermotor (menumpang dengan keluarga/teman);Way Huwi;Rumah mengontrak bersama-sama;Gg. Kaplingan;Dekat kampus agar tidak telat;0,44;15000;4;3;0;0;4;2;0
20/02/2024 14.14;ITERA;385;Laki-laki;19;FTI;Teknik Elektro;1;< 1 jt;0;0;0;Berjalan Kaki;Way Huwi;Asrama;Asrama TB 2;orang tua menyarankan untuk masuk ke asrama;0,44;0;2;0;2;2;4;2;0
20/02/2024 14.26;ITERA;386;Laki-laki;19;FTI;Teknik Geofisika;1;< 1 jt;0;0;0;Berjalan Kaki;way huwi;Asrama;asrama tb 2;keinginan orang tua;2,85;0;2;2;2;2;4;0;0
20/02/2024 19.28;ITERA;387;Perempuan;21;FTI;Teknik Geologi;3;2,1 jt – 3 jt;0;0;0;Transportasi Online;Korpri;Kos Sendiri;Jl. Bima;dekat dengan kampus;0,22;65000;2;2;2;2;4;0;0
20/02/2024 19.34;ITERA;388;Perempuan;18;FTI;Teknik Elektro;1;< 1 jt;0;0;0;Berjalan Kaki;Way huwi;Asrama;Asrama TB 1;disarankan orang tua;5,24;0;2;0;2;2;2;0;0
20/02/2024 19.45;ITERA;389;Perempuan;21;FTI;Teknik Geofisika;3;1 jt – 2 jt;0;0;0;Transportasi Online;Way Huwi;Kos Sendiri;Gg. Raden Saleh 1;biaya murah dan nyaman;4,81;40000;2;2;0;2;2;0;2
20/02/2024 19.57;ITERA;390;Laki-laki;21;FTI;Teknik Elektro;3;1 jt – 2 jt;1;0;0;Sepeda Motor Pribadi;Harapan Jaya;Kos Sendiri;Jl. Hasan IV;biaya kos murah;6,5;25000;3;4;3;2;3;2;2
20/02/2024 20.08;ITERA;391;Laki-laki;21;FTI;Teknik Elektro;3;< 1 jt;0;0;0;Kendaraan Bermotor (menumpang dengan keluarga/teman);Way Dadi;Rumah mengontrak bersama-sama;Jl. Perjuangan;Akses jalan yang mudah untuk kemana-mana;2,66;0;2;4;2;3;3;0;0
20/02/2024 20.16;ITERA;392;Perempuan;21;FTI;Teknik Elektro;3;2,1 jt – 3 jt;1;0;0;Sepeda Motor Pribadi;Way Dadi;Kos Sendiri;Blok B3-B4;strategis karna dekat dengan tempat perbelanjaan;5,95;30000;2;4;2;2;0;2;2
20/02/2024 20.24;ITERA;393;Perempuan;22;FTI;Teknik Geofisika;4;1 jt – 2 jt;1;0;0;Sepeda Motor Pribadi;Way Huwi;Rumah mengontrak bersama-sama;Gg. Madrasyah 7;kontrakan yang luas dan tidak membayar air;3,98;20000;0;0;2;2;0;0;0
20/02/2024 20.36;ITERA;394;Laki-laki;21;FTI;Teknik Geologi;3;1 jt – 2 jt;1;0;0;Sepeda Motor Pribadi;Way Huwi;Rumah mengontrak bersama-sama;Jl. Kelengkeng 14;biaya kontrakan murah;3,77;40000;2;3;2;3;3;3;2
20/02/2024 20.46;ITERA;395;Perempuan;21;FTI;Teknik Elektro;3;1 jt – 2 jt;0;0;0;Transportasi Online;Way Huwi;Kos Sendiri;Gg. Perwira 2;dekat dengan kampus dan minimarket;5,61;58000;2;2;2;2;0;2;2
20/02/2024 20.59;ITERA;396;Laki-laki;22;FTI;Teknik Geofisika;3;< 1 jt;0;0;1;Kendaraan Bermotor (menumpang dengan keluarga/teman);Way Huwi;Rumah mengontrak bersama-sama;Gg. Andalas 3;biaya sewa murah karna tinggal dengan teman;5,61;15000;4;3;2;0;4;2;2
20/02/2024 21.06;ITERA;397;Laki-laki;21;FTI;Teknik Geofisika;3;1 jt – 2 jt;1;0;0;Sepeda Motor Pribadi;way huwi;Rumah mengontrak bersama-sama;gg andalas 3;tinggal bersama teman;3,66;30000;4;3;2;0;5;0;0
20/02/2024 21.13;ITERA;398;Perempuan;21;FTI;Teknik Elektro;3;< 1 jt;1;0;0;Sepeda Motor Pribadi;Way huwi;Kos bersama-sama;Jl. Durian Raya 1;dekat dengan kampus dan banyak jual makanan;5,54;20000;3;4;2;3;3;0;2
20/02/2024 21.31;ITERA;399;Perempuan;20;FTI;Teknik Elektro;3;1 jt – 2 jt;1;0;0;Sepeda Motor Pribadi;Sukarame;Rumah bersama saudara;Jl. Karimun Jawa;disarankan oleh saudara dan orangtua karna biar ada yang menjaga;3,74;25000;2;4;2;3;0;0;2
20/02/2024 21.58;ITERA;400;Perempuan;22;FTI;Teknik Geofisika;4;1 jt – 2 jt;1;0;0;Sepeda Motor Pribadi;Harapan Jaya;Kos Sendiri;Jl. Nusa Jaya;lokasi dekat dengan tempat makan dan pasar;1,78;20000;0;2;2;0;0;0;2
20/02/2024 22.03;ITERA;401;Laki-laki;22;FTI;Teknik Geologi;4;1 jt – 2 jt;1;0;0;Sepeda Motor Pribadi;Harapan Jaya;Kos Sendiri;Gg. Nangka 4;lingkungan aman;3,48;20000;2;2;2;2;2;0;0
20/02/2024 22.07;ITERA;402;Perempuan;21;FTI;Teknik Geologi;4;1 jt – 2 jt;0;0;0;Transportasi Online;Harapan Jaya;Kos Sendiri;Jl. Matahari;kosan estetik;2,79;24000;0;2;2;0;0;2;0
20/02/2024 22.15;ITERA;403;Laki-laki;19;FTI;Teknik Geofisika;1;1 jt – 2 jt;0;0;0;Berjalan Kaki;Way Huwi;Kos bersama-sama;Gg. Nalim;murah karna dengan teman;2,89;0;2;2;2;2;5;0;0
20/02/2024 22.43;ITERA;404;Perempuan;22;FTI;Teknik Elektro;4;< 1 jt;1;0;0;Sepeda Motor Pribadi;Harapan Jaya;Kos Sendiri;Gg. Pembangunan 2;dekat dengan kampus;3,77;25000;2;3;0;2;2;0;2
20/02/2024 22.48;ITERA;405;Perempuan;21;FTI;Teknik Elektro;4;1 jt – 2 jt;0;0;0;Transportasi Online;Way Huwi;Kos Sendiri;Gg. Perwira 1;dekat dengan kampus;0,39;47000;2;2;2;2;2;2;2
20/02/2024 22.54;ITERA;406;Laki-laki;19;FTI;Teknik Industri;1;< 1 jt;0;0;0;Berjalan Kaki;Way Huwi;Asrama;Asrama TB 3;keinginan orang tua ;2,12;0;2;2;2;2;5;0;0
20/02/2024 23.02;ITERA;407;Laki-laki;19;FTI;Teknik Geologi;1;< 1 jt;0;0;0;Berjalan Kaki;Harapan Jaya;Kos bersama-sama;Jl. Nangka II;Dekat dengan gerbang belakang kampus;1,78;0;2;2;2;2;4;0;0
20/02/2024 23.19;ITERA;408;Laki-laki;22;FTI;Teknik Geologi;4;1 jt – 2 jt;0;0;0;Kendaraan Bermotor (menumpang dengan keluarga/teman);Harapan Jaya;Kos Sendiri;Gg. Nangka 4;Fasilitas kos lengkap;5,14;0;2;0;2;0;2;0;0
20/02/2024 23.27;ITERA;409;Perempuan;21;FTI;Teknik Geologi;4;1 jt – 2 jt;0;0;0;Transportasi Online;Way Huwi;Kos Sendiri;Gg. Anggrek;Fasilitas yang disediakan lengkap seperti tv;5,23;28000;0;2;0;0;2;2;0
20/02/2024 23.35;ITERA;410;Laki-laki;22;FTI;Teknik Geologi;4;1 jt – 2 jt;1;0;0;Sepeda Motor Pribadi;Sukarame;Rumah bersama saudara;Jl. Edelweis;Disuruh orang tua dan saudara karna dekat dengan kampus;3,03;30000;2;0;0;4;2;0;2
20/02/2024 23.42;ITERA;411;Perempuan;21;FTI;Teknik Geofisika;3;1 jt – 2 jt;1;0;0;Sepeda Motor Pribadi;Harapan Jaya;Kos bersama-sama;Jl. Pulau Pisang;Biaya kos murah karna bersama teman;0,44;26000;4;2;2;2;0;2;2
20/02/2024 23.53;ITERA;412;Laki-laki;19;FTI;Teknik Geologi;1;< 1 jt;0;0;0;Berjalan Kaki;Way Huwi;Asrama;Asrama TB 2;orang tua menyarankan tinggal di asrama karna lebih aman;1,78;0;4;2;2;2;4;2;2
21/02/2024 00.01;ITERA;413;Laki-laki;22;FTI;Teknik Geofisika;4;2,1 jt – 3 jt;1;0;0;Sepeda Motor Pribadi;Harapan Jaya;Kos Sendiri;Gg. Nangka 4;Dekat dengan jalan raya;4,14;30000;0;0;2;0;3;2;0
21/02/2024 00.06;ITERA;414;Perempuan;22;FTI;Teknik Geofisika;4;1 jt – 2 jt;1;0;0;Sepeda Motor Pribadi;Harapan Jaya;Kos Sendiri;Jl. Sentot Alibasya;dekat dengan fasilitas umum;3,7;25000;3;0;3;0;0;0;2
21/02/2024 11.30;ITERA;415;Perempuan;22;FTI;Teknik Geofisika;4;1 jt – 2 jt;1;0;0;Sepeda Motor Pribadi;Way Huwi;Kos Sendiri;Jl. Lapas Raya;dekat dengan kampus;0,34;15000;3;2;2;0;0;0;3
21/02/2024 11.45;ITERA;416;Perempuan;18;FTI;Teknik Kimia;1;< 1 jt;0;0;0;Berjalan Kaki;Way Huwi;Asrama;Asrama TB 5;kemauan orang tua;2,75;0;2;2;2;0;0;2;0
21/02/2024 12.03;ITERA;417;Laki-laki;19;FTI;Teknik Kimia;1;1 jt – 2 jt;0;0;0;Berjalan Kaki;Way Huwi;Kos Sendiri;Gg. Sakum;dekat dengan kampus dan ukuran kamar luas;2,08;0;4;3;2;0;3;2;2
21/02/2024 12.22;ITERA;418;Laki-laki;22;FTI;Teknik Geofisika;4;< 1 jt;1;0;0;Sepeda Motor Pribadi;Harapan Jaya;Kos Sendiri;Jl. Nangka 3;dekat dengan kampus;3,57;30000;3;2;2;2;2;0;3
21/02/2024 12.31;ITERA;419;Laki-laki;22;FTI;Teknik Geofisika;4;< 1 jt;0;0;0;Kendaraan Bermotor (menumpang dengan keluarga/teman);Way Huwi;Rumah mengontrak bersama-sama;Jl. Kelengkeng 3;ukuran kontrakan luas;3,77;0;0;2;0;3;3;0;2
21/02/2024 13.22;ITERA;420;Laki-laki;20;FTI;Teknik Kimia;2;2,1 jt – 3 jt;1;0;0;Sepeda Motor Pribadi;Way Huwi;Kos Sendiri;Gg. Mangga;dekat dengan kampus;3,57;30000;3;2;3;3;4;2;0
21/02/2024 13.37;ITERA;421;Perempuan;19;FTI;Teknik Kimia;2;1 jt – 2 jt;0;0;0;Transportasi Online;Way Huwi;Kos Sendiri;Jl. Manggis Raya;Dekat ITERA;8,01;80000;2;2;2;2;2;0;0
21/02/2024 14.09;ITERA;422;Laki-laki;23;FTI;Teknik Geofisika;4;2,1 jt – 3 jt;2;1;2;Mobil Pribadi;Tanjung Senang;Rumah pribadi/rumah keluarga;Jl. Tj. Pura 2;tinggal dengan keluarga;3,16;150000;2;0;2;2;2;2;0
21/02/2024 14.20;ITERA;423;Perempuan;20;FTI;Teknik Kimia;2;1 jt – 2 jt;0;0;0;Transportasi Online;Harapan Jaya;Kos Sendiri;Gg. Way Pesai;fasilitas kosan lengkap;2,78;65000;2;2;2;2;2;2;0
21/02/2024 14.48;ITERA;424;Laki-laki;20;FTI;Teknik Kimia;1;< 1 jt;0;0;0;Berjalan Kaki;Way Huwi;Kos Sendiri;Jl. Lapas;dekat dengan kampus;5,09;0;2;2;2;2;2;0;3
21/02/2024 15.10;ITERA;425;Laki-laki;19;FTI;Teknik Kimia;1;1 jt – 2 jt;2;1;1;Sepeda Motor Pribadi;Sukarame;Rumah pribadi/rumah keluarga;Jl. Sukma;tinggal bersama keluarga;3,58;50000;2;2;3;2;2;4;0
21/02/2024 15.23;ITERA;426;Laki-laki;20;FTI;Teknik Kimia;1;< 1 jt;0;0;0;Kendaraan Bermotor (menumpang dengan keluarga/teman);Way Huwi;Rumah mengontrak bersama-sama;Jl. Durian 5;dekat kampus dan ukuran kontrakan luas;3,77;20000;3;2;3;2;3;0;3
21/02/2024 15.35;ITERA;427;Perempuan;20;FTI;Teknik Kimia;2;< 1 jt;0;0;0;Transportasi Online;Way Huwi;Kos Sendiri;Gg. Perwira 2;dekat dengan kampus ;3,09;60000;2;2;2;0;2;0;0
21/02/2024 15.42;ITERA;428;Perempuan;20;FTI;Teknik Kimia;2;1 jt – 2 jt;0;0;0;Kendaraan Bermotor (menumpang dengan keluarga/teman);Way Huwi;Rumah mengontrak bersama-sama;Gg. Masjid;dekat dengan kampus;6,95;0;2;2;0;2;2;2;0
21/02/2024 15.56;ITERA;429;Perempuan;20;FTI;Teknik Kimia;2;2,1 jt – 3 jt;1;0;0;Sepeda Motor Pribadi;Way Dadi;Kos Sendiri;Jl. Parikesit;lingkungan kosan aman dan fasilitas lengkap;;35000;3;3;3;3;3;2;2
