kampus,jarak_km,jenis_tinggal,tipe_tinggal_baku
UINRIL,19.27,Rumah Bersama Saudara,Rumah Keluarga/Pribadi
UINRIL,0.58,Kos Sendiri,Kos/Asrama
UINRIL,0.56,Kos Sendiri,Kos/Asrama
UINRIL,1.05,Kos Sendiri,Kos/Asrama
UINRIL,1.69,Rumah Mengontrak Bersama-sama,Rumah Keluarga/Pribadi
UINRIL,7.91,Rumah Pribadi/Rumah Keluarga,Rumah Keluarga/Pribadi
UINRIL,2.58,Rumah Pribadi/Rumah Keluarga,Rumah Keluarga/Pribadi
UINRIL,2.32,Rumah Pribadi/Rumah Keluarga,Rumah Keluarga/Pribadi
UINRIL,0.77,Kos Sendiri,Kos/Asrama
UINRIL,6.56,Rumah Pribadi/Rumah Keluarga,Rumah Keluarga/Pribadi
UINRIL,0.63,Kos Bersama-sama,Kos/Asrama
UINRIL,0.53,Kos Sendiri,Kos/Asrama
UINRIL,0.91,Rumah Mengontrak Pribadi,Rumah Keluarga/Pribadi
UINRIL,2.52,Rumah Pribadi/Rumah Keluarga,Rumah Keluarga/Pribadi
UINRIL,1.31,Kos Bersama-sama,Kos/Asrama
UINRIL,0.83,Kos Sendiri,Kos/Asrama
UINRIL,0.95,Rumah Mengontrak Bersama-sama,Rumah Keluarga/Pribadi
UINRIL,7.67,Rumah Pribadi/Rumah Keluarga,Rumah Keluarga/Pribadi
UINRIL,4.34,Rumah Pribadi/Rumah Keluarga,Rumah Keluarga/Pribadi
UINRIL,4.46,Rumah Bersama Saudara,Rumah Keluarga/Pribadi
UINRIL,0.71,Kos Bersama-sama,Kos/Asrama
UINRIL,0.92,Kos Bersama-sama,Kos/Asrama
UINRIL,1.37,Kos Sendiri,Kos/Asrama
UINRIL,0.56,Kos Sendiri,Kos/Asrama
UINRIL,3.02,Rumah Pribadi/Rumah Keluarga,Rumah Keluarga/Pribadi
UINRIL,8.56,Rumah Pribadi/Rumah Keluarga,Rumah Keluarga/Pribadi
UINRIL,8.49,Rumah Pribadi/Rumah Keluarga,Rumah Keluarga/Pribadi
UINRIL,4.77,Rumah Pribadi/Rumah Keluarga,Rumah Keluarga/Pribadi
UINRIL,0.34,Kos Sendiri,Kos/Asrama
UINRIL,2.4,Rumah Mengontrak Bersama-sama,Rumah Keluarga/Pribadi
UINRIL,4.3,Rumah Bersama Saudara,Rumah Keluarga/Pribadi
UINRIL,0.27,Kos Sendiri,Kos/Asrama
UINRIL,2.45,Rumah Pribadi/Rumah Keluarga,Rumah Keluarga/Pribadi
UINRIL,26.14,Rumah Pribadi/Rumah Keluarga,Rumah Keluarga/Pribadi
UINRIL,1.27,Kos Sendiri,Kos/Asrama
UINRIL,9.09,Rumah Pribadi/Rumah Keluarga,Rumah Keluarga/Pribadi
UINRIL,1.39,Rumah Mengontrak Bersama-sama,Rumah Keluarga/Pribadi
UINRIL,0.63,Rumah Pribadi/Rumah Keluarga,Rumah Keluarga/Pribadi
UINRIL,4.56,Rumah Pribadi/Rumah Keluarga,Rumah Keluarga/Pribadi
UINRIL,2.06,Rumah Pribadi/Rumah Keluarga,Rumah Keluarga/Pribadi
UINRIL,5.07,Rumah Pribadi/Rumah Keluarga,Rumah Keluarga/Pribadi
UINRIL,6.01,Kos Sendiri,Kos/Asrama
UINRIL,7.83,Rumah Bersama Saudara,Rumah Keluarga/Pribadi
UINRIL,7.87,Rumah Pribadi/Rumah Keluarga,Rumah Keluarga/Pribadi
UINRIL,1.05,Rumah Mengontrak Bersama-sama,Rumah Keluarga/Pribadi
UINRIL,10.66,Rumah Pribadi/Rumah Keluarga,Rumah Keluarga/Pribadi
UINRIL,1.15,Kos Sendiri,Kos/Asrama
UINRIL,1.51,Kos Bersama-sama,Kos/Asrama
UINRIL,6.18,Rumah Bersama Saudara,Rumah Keluarga/Pribadi
UINRIL,0.97,Kos Sendiri,Kos/Asrama
UINRIL,4.26,Rumah Pribadi/Rumah Keluarga,Rumah Keluarga/Pribadi
UINRIL,0.91,Kos Sendiri,Kos/Asrama
UINRIL,7.09,Rumah Pribadi/Rumah Keluarga,Rumah Keluarga/Pribadi
UINRIL,0.51,Kos Sendiri,Kos/Asrama
UINRIL,3.38,Rumah Pribadi/Rumah Keluarga,Rumah Keluarga/Pribadi
UINRIL,2.09,Rumah Pribadi/Rumah Keluarga,Rumah Keluarga/Pribadi
UINRIL,1.5,Kos Sendiri,Kos/Asrama
UINRIL,1.46,Rumah Pribadi/Rumah Keluarga,Rumah Keluarga/Pribadi
UINRIL,0.44,Kos Bersama-sama,Kos/Asrama
UINRIL,1.25,Kos Sendiri,Kos/Asrama
UINRIL,1.25,Kos Sendiri,Kos/Asrama
UINRIL,5.3,Kos Bersama-sama,Kos/Asrama
UINRIL,1.27,Kos Sendiri,Kos/Asrama
UINRIL,1.15,Kos Sendiri,Kos/Asrama
UINRIL,2.69,Rumah Bersama Saudara,Rumah Keluarga/Pribadi
UINRIL,1.05,Kos Bersama-sama,Kos/Asrama
UINRIL,8.5,Rumah Pribadi/Rumah Keluarga,Rumah Keluarga/Pribadi
UINRIL,0.78,Kos Sendiri,Kos/Asrama
UINRIL,0.78,Kos Bersama-sama,Kos/Asrama
UINRIL,0.86,Kos Sendiri,Kos/Asrama
UINRIL,0.22,Asrama,Kos/Asrama
UINRIL,6.96,Rumah Pribadi/Rumah Keluarga,Rumah Keluarga/Pribadi
UINRIL,2.45,Kos Sendiri,Kos/Asrama
UINRIL,0.8,Kos Bersama-sama,Kos/Asrama
UINRIL,1.59,Kos Sendiri,Kos/Asrama
UINRIL,5.47,Rumah Pribadi/Rumah Keluarga,Rumah Keluarga/Pribadi
UINRIL,0.79,Kos Sendiri,Kos/Asrama
UINRIL,0.79,Kos Sendiri,Kos/Asrama
UINRIL,1.5,Rumah Bersama Saudara,Rumah Keluarga/Pribadi
UINRIL,0.78,Kos Sendiri,Kos/Asrama
UINRIL,7.13,Rumah Pribadi/Rumah Keluarga,Rumah Keluarga/Pribadi
UINRIL,0.22,Asrama,Kos/Asrama
UINRIL,1.5,Kos Sendiri,Kos/Asrama
UINRIL,9.37,Rumah Pribadi/Rumah Keluarga,Rumah Keluarga/Pribadi
UINRIL,1.15,Kos Bersama-sama,Kos/Asrama
UINRIL,0.92,Kos Sendiri,Kos/Asrama
UINRIL,0.54,Kos Bersama-sama,Kos/Asrama
UINRIL,0.78,Kos Bersama-sama,Kos/Asrama
UINRIL,3.44,Rumah Pribadi/Rumah Keluarga,Rumah Keluarga/Pribadi
UINRIL,0.51,Kos Sendiri,Kos/Asrama
UINRIL,9.32,Rumah Pribadi/Rumah Keluarga,Rumah Keluarga/Pribadi
UINRIL,1.07,Kos Sendiri,Kos/Asrama
UINRIL,0.72,Kos Sendiri,Kos/Asrama
UINRIL,5.79,Rumah Pribadi/Rumah Keluarga,Rumah Keluarga/Pribadi
UINRIL,7.93,Rumah Pribadi/Rumah Keluarga,Rumah Keluarga/Pribadi
UINRIL,0.88,Kos Bersama-sama,Kos/Asrama
UINRIL,0.88,Kos Sendiri,Kos/Asrama
UINRIL,0.22,Asrama,Kos/Asrama
UINRIL,2.1,Rumah Bersama Saudara,Rumah Keluarga/Pribadi
UINRIL,3.85,Rumah Mengontrak Bersama-sama,Rumah Keluarga/Pribadi
UINRIL,0.71,Kos Sendiri,Kos/Asrama
UINRIL,0.57,Rumah Mengontrak Bersama-sama,Rumah Keluarga/Pribadi
UINRIL,4.95,Rumah Pribadi/Rumah Keluarga,Rumah Keluarga/Pribadi
UINRIL,2.34,Rumah Pribadi/Rumah Keluarga,Rumah Keluarga/Pribadi
UINRIL,1.84,Kos Sendiri,Kos/Asrama
UINRIL,3.17,Rumah Mengontrak Bersama-sama,Rumah Keluarga/Pribadi
UINRIL,2.31,Kos Sendiri,Kos/Asrama
UINRIL,11.35,Rumah Pribadi/Rumah Keluarga,Rumah Keluarga/Pribadi
UINRIL,1.84,Kos Sendiri,Kos/Asrama
UINRIL,2.31,Kos Sendiri,Kos/Asrama
UINRIL,6.04,Rumah Pribadi/Rumah Keluarga,Rumah Keluarga/Pribadi
UINRIL,3.5,Rumah Mengontrak Bersama-sama,Rumah Keluarga/Pribadi
UINRIL,1.15,Kos Sendiri,Kos/Asrama
UINRIL,4.29,Rumah Pribadi/Rumah Keluarga,Rumah Keluarga/Pribadi
UINRIL,1.36,Kos Sendiri,Kos/Asrama
UINRIL,1.84,Kos Sendiri,Kos/Asrama
UINRIL,0.8,Kos Sendiri,Kos/Asrama
UINRIL,0.91,Kos Sendiri,Kos/Asrama
UINRIL,9.95,Rumah Pribadi/Rumah Keluarga,Rumah Keluarga/Pribadi
UINRIL,0.91,Kos Bersama-sama,Kos/Asrama
UINRIL,0.95,Rumah Mengontrak Bersama-sama,Rumah Keluarga/Pribadi
UINRIL,3.7,Rumah Pribadi/Rumah Keluarga,Rumah Keluarga/Pribadi
UINRIL,4.59,Rumah Pribadi/Rumah Keluarga,Rumah Keluarga/Pribadi
UINRIL,2.09,Kos Bersama-sama,Kos/Asrama
UINRIL,1.84,Kos Bersama-sama,Kos/Asrama
UINRIL,11.45,Rumah Pribadi/Rumah Keluarga,Rumah Keluarga/Pribadi
UINRIL,4.31,Kos Bersama-sama,Kos/Asrama
UINRIL,0.9,Rumah Bersama Saudara,Rumah Keluarga/Pribadi
UINRIL,0.77,Kos Sendiri,Kos/Asrama
UINRIL,0.95,Kos Sendiri,Kos/Asrama
UINRIL,6.04,Rumah Pribadi/Rumah Keluarga,Rumah Keluarga/Pribadi
UINRIL,17.52,Rumah Pribadi/Rumah Keluarga,Rumah Keluarga/Pribadi
UINRIL,7.7,Rumah Pribadi/Rumah Keluarga,Rumah Keluarga/Pribadi
UINRIL,1.51,Kos Bersama-sama,Kos/Asrama
UINRIL,2.23,Rumah Pribadi/Rumah Keluarga,Rumah Keluarga/Pribadi
UINRIL,0.68,Kos Sendiri,Kos/Asrama
UINRIL,0.97,Rumah Pribadi/Rumah Keluarga,Rumah Keluarga/Pribadi
UINRIL,8.34,Rumah Mengontrak Bersama-sama,Rumah Keluarga/Pribadi
UINRIL,2.27,Kos Sendiri,Kos/Asrama
UINRIL,2.12,Kos Sendiri,Kos/Asrama
UINRIL,3.28,Rumah Pribadi/Rumah Keluarga,Rumah Keluarga/Pribadi
UINRIL,9.36,Kos Bersama-sama,Kos/Asrama
UINRIL,4.36,Rumah Pribadi/Rumah Keluarga,Rumah Keluarga/Pribadi
UINRIL,1.34,Rumah Pribadi/Rumah Keluarga,Rumah Keluarga/Pribadi
UINRIL,4.05,Rumah Pribadi/Rumah Keluarga,Rumah Keluarga/Pribadi
UINRIL,0.43,Kos Sendiri,Kos/Asrama
UINRIL,2.37,Kos Bersama-sama,Kos/Asrama
UINRIL,1.28,Kos Sendiri,Kos/Asrama
UINRIL,5.52,Rumah Pribadi/Rumah Keluarga,Rumah Keluarga/Pribadi
UINRIL,9.22,Rumah Pribadi/Rumah Keluarga,Rumah Keluarga/Pribadi
UINRIL,6.16,Rumah Pribadi/Rumah Keluarga,Rumah Keluarga/Pribadi
UINRIL,5.74,Rumah Pribadi/Rumah Keluarga,Rumah Keluarga/Pribadi
UINRIL,7.82,Rumah Pribadi/Rumah Keluarga,Rumah Keluarga/Pribadi
UINRIL,2.71,Kos Sendiri,Kos/Asrama
UINRIL,1.14,Kos Sendiri,Kos/Asrama
UINRIL,0.84,Rumah Bersama Saudara,Rumah Keluarga/Pribadi
UINRIL,1.4,Kos Sendiri,Kos/Asrama
UINRIL,7.99,Rumah Pribadi/Rumah Keluarga,Rumah Keluarga/Pribadi
UINRIL,1.13,Rumah Pribadi/Rumah Keluarga,Rumah Keluarga/Pribadi
UINRIL,2.13,Rumah Mengontrak Bersama-sama,Rumah Keluarga/Pribadi
UINRIL,3.86,Rumah Pribadi/Rumah Keluarga,Rumah Keluarga/Pribadi
UINRIL,3.17,Kos Sendiri,Kos/Asrama
UINRIL,6.34,Rumah Mengontrak Bersama-sama,Rumah Keluarga/Pribadi
UINRIL,1.76,Rumah Pribadi/Rumah Keluarga,Rumah Keluarga/Pribadi
UINRIL,3.03,Rumah Pribadi/Rumah Keluarga,Rumah Keluarga/Pribadi
UINRIL,4.12,Rumah Mengontrak Bersama-sama,Rumah Keluarga/Pribadi
UINRIL,5.5,Kos Sendiri,Kos/Asrama
UINRIL,0.9,Rumah Pribadi/Rumah Keluarga,Rumah Keluarga/Pribadi
UINRIL,2.12,Kos Sendiri,Kos/Asrama
UINRIL,1.87,Kos Sendiri,Kos/Asrama
UINRIL,1.43,Rumah Pribadi/Rumah Keluarga,Rumah Keluarga/Pribadi
UINRIL,0.28,Rumah Pribadi/Rumah Keluarga,Rumah Keluarga/Pribadi
UINRIL,5.55,Rumah Pribadi/Rumah Keluarga,Rumah Keluarga/Pribadi
UINRIL,5.83,Kos Sendiri,Kos/Asrama
UINRIL,1.13,Kos Sendiri,Kos/Asrama
UINRIL,3.15,Rumah Mengontrak Bersama-sama,Rumah Keluarga/Pribadi
UINRIL,1.1,Kos Sendiri,Kos/Asrama
UINRIL,5.71,Kos Bersama-sama,Kos/Asrama
UINRIL,0.62,Rumah Pribadi/Rumah Keluarga,Rumah Keluarga/Pribadi
UINRIL,0.56,Kos Sendiri,Kos/Asrama
UINRIL,0.39,Kos Sendiri,Kos/Asrama
UINRIL,0.55,Kos Sendiri,Kos/Asrama
UINRIL,0.28,Kos Sendiri,Kos/Asrama
UINRIL,29.26,Rumah Pribadi/Rumah Keluarga,Rumah Keluarga/Pribadi
UINRIL,16.17,Rumah Pribadi/Rumah Keluarga,Rumah Keluarga/Pribadi
UINRIL,34.73,Rumah Pribadi/Rumah Keluarga,Rumah Keluarga/Pribadi
UINRIL,0.77,Kos Sendiri,Kos/Asrama
UINRIL,0.87,Rumah Pribadi/Rumah Keluarga,Rumah Keluarga/Pribadi
UINRIL,1.37,Kos Sendiri,Kos/Asrama
UINRIL,1.4,Kos Sendiri,Kos/Asrama
UINRIL,1.65,Rumah Pribadi/Rumah Keluarga,Rumah Keluarga/Pribadi
UINRIL,0.42,Kos Sendiri,Kos/Asrama
UINRIL,1.29,Kos Sendiri,Kos/Asrama
UINRIL,0.83,Kos Sendiri,Kos/Asrama
UINRIL,2.12,Kos Bersama-sama,Kos/Asrama
UINRIL,1.75,Rumah Pribadi/Rumah Keluarga,Rumah Keluarga/Pribadi
UINRIL,2.41,Kos Sendiri,Kos/Asrama
UINRIL,2.13,Rumah Pribadi/Rumah Keluarga,Rumah Keluarga/Pribadi
UINRIL,2.22,Kos Sendiri,Kos/Asrama
UINRIL,5.2,Rumah Pribadi/Rumah Keluarga,Rumah Keluarga/Pribadi
UINRIL,5.04,Rumah Pribadi/Rumah Keluarga,Rumah Keluarga/Pribadi
UINRIL,1.61,Rumah Bersama Saudara,Rumah Keluarga/Pribadi
UINRIL,3.86,Rumah Pribadi/Rumah Keluarga,Rumah Keluarga/Pribadi
UINRIL,1.02,Rumah Mengontrak Bersama-sama,Rumah Keluarga/Pribadi
UINRIL,0.55,Kos Sendiri,Kos/Asrama
UINRIL,0.97,Kos Sendiri,Kos/Asrama
UINRIL,0.95,Kos Sendiri,Kos/Asrama
UINRIL,7.93,Rumah Pribadi/Rumah Keluarga,Rumah Keluarga/Pribadi
UINRIL,1.5,Rumah Pribadi/Rumah Keluarga,Rumah Keluarga/Pribadi
UINRIL,1.15,Kos Sendiri,Kos/Asrama
UINRIL,3.06,Rumah Mengontrak Bersama-sama,Rumah Keluarga/Pribadi
UINRIL,1.84,Kos Sendiri,Kos/Asrama
UINRIL,2.14,Kos Sendiri,Kos/Asrama
UINRIL,2.14,Rumah Mengontrak Bersama-sama,Rumah Keluarga/Pribadi
UINRIL,2.55,Kos Sendiri,Kos/Asrama
UINRIL,3.38,Rumah Mengontrak Bersama-sama,Rumah Keluarga/Pribadi
UINRIL,2.44,Kos Sendiri,Kos/Asrama
UINRIL,3.17,Kos Sendiri,Kos/Asrama
UINRIL,2.93,Kos Sendiri,Kos/Asrama
UINRIL,5.79,Rumah Pribadi/Rumah Keluarga,Rumah Keluarga/Pribadi
UINRIL,2.66,Rumah Mengontrak Bersama-sama,Rumah Keluarga/Pribadi
UINRIL,2.66,Rumah Mengontrak Bersama-sama,Rumah Keluarga/Pribadi
UINRIL,5.6,Kos Sendiri,Kos/Asrama
UINRIL,2.27,Kos Sendiri,Kos/Asrama
UINRIL,8.7,Rumah Pribadi/Rumah Keluarga,Rumah Keluarga/Pribadi
UINRIL,3.38,Kos Sendiri,Kos/Asrama
UINRIL,1.95,Kos Sendiri,Kos/Asrama
UINRIL,1.04,Kos Bersama-sama,Kos/Asrama
UINRIL,8.03,Rumah Pribadi/Rumah Keluarga,Rumah Keluarga/Pribadi
UINRIL,5.9,Rumah Pribadi/Rumah Keluarga,Rumah Keluarga/Pribadi
UINRIL,25.71,Rumah Pribadi/Rumah Keluarga,Rumah Keluarga/Pribadi
UINRIL,4.17,Rumah Pribadi/Rumah Keluarga,Rumah Keluarga/Pribadi
UINRIL,1.13,Rumah Pribadi/Rumah Keluarga,Rumah Keluarga/Pribadi
UINRIL,1.18,Kos Sendiri,Kos/Asrama
UINRIL,0.28,Rumah Pribadi/Rumah Keluarga,Rumah Keluarga/Pribadi
UINRIL,0.43,Kos Bersama-sama,Kos/Asrama
UINRIL,0.43,Kos Bersama-sama,Kos/Asrama
UINRIL,0.28,Kos Bersama-sama,Kos/Asrama
UINRIL,0.28,Kos Bersama-sama,Kos/Asrama
UINRIL,0.46,Kos Bersama-sama,Kos/Asrama
UINRIL,1.04,Kos Sendiri,Kos/Asrama
UINRIL,2.59,Rumah Pribadi/Rumah Keluarga,Rumah Keluarga/Pribadi
UINRIL,1.16,Kos Bersama-sama,Kos/Asrama
UINRIL,3.93,Rumah Mengontrak Bersama-sama,Rumah Keluarga/Pribadi
UINRIL,8.09,Rumah Pribadi/Rumah Keluarga,Rumah Keluarga/Pribadi
UINRIL,3.96,Kos Sendiri,Kos/Asrama
UINRIL,4.31,Rumah Bersama Saudara,Rumah Keluarga/Pribadi
UINRIL,9.65,Rumah Pribadi/Rumah Keluarga,Rumah Keluarga/Pribadi
UINRIL,6.07,Rumah Pribadi/Rumah Keluarga,Rumah Keluarga/Pribadi
UINRIL,2.32,Rumah Mengontrak Bersama-sama,Rumah Keluarga/Pribadi
UINRIL,3.32,Kos Sendiri,Kos/Asrama
UINRIL,2.26,Rumah Mengontrak Bersama-sama,Rumah Keluarga/Pribadi
UINRIL,6.72,Rumah Pribadi/Rumah Keluarga,Rumah Keluarga/Pribadi
UINRIL,5.08,Rumah Pribadi/Rumah Keluarga,Rumah Keluarga/Pribadi
UINRIL,3.38,Kos Bersama-sama,Kos/Asrama
UINRIL,3.87,Rumah Bersama Saudara,Rumah Keluarga/Pribadi
UINRIL,2.63,Rumah Bersama Saudara,Rumah Keluarga/Pribadi
UINRIL,2.42,Rumah Pribadi/Rumah Keluarga,Rumah Keluarga/Pribadi
UINRIL,2.2,Kos Sendiri,Kos/Asrama
UINRIL,1.96,Kos Sendiri,Kos/Asrama
UINRIL,2.34,Kos Sendiri,Kos/Asrama
UINRIL,1.47,Rumah Mengontrak Bersama-sama,Rumah Keluarga/Pribadi
UINRIL,3.99,Rumah Mengontrak Bersama-sama,Rumah Keluarga/Pribadi
UINRIL,3.87,Rumah Mengontrak Bersama-sama,Rumah Keluarga/Pribadi
UINRIL,0.84,Rumah Mengontrak Bersama-sama,Rumah Keluarga/Pribadi
UINRIL,2.6,Rumah Mengontrak Bersama-sama,Rumah Keluarga/Pribadi
UINRIL,3.24,Kos Sendiri,Kos/Asrama
UINRIL,0.87,Kos Sendiri,Kos/Asrama
UINRIL,1.42,Rumah Mengontrak Bersama-sama,Rumah Keluarga/Pribadi
UINRIL,2.08,Rumah Pribadi/Rumah Keluarga,Rumah Keluarga/Pribadi
UINRIL,1.72,Kos Sendiri,Kos/Asrama
UINRIL,4.01,Rumah Mengontrak Bersama-sama,Rumah Keluarga/Pribadi
UINRIL,3.38,Kos Sendiri,Kos/Asrama
UINRIL,2.1,Rumah Pribadi/Rumah Keluarga,Rumah Keluarga/Pribadi
UINRIL,3.19,Kos Sendiri,Kos/Asrama
UINRIL,1.56,Rumah Mengontrak Bersama-sama,Rumah Keluarga/Pribadi
UINRIL,3.13,Kos Sendiri,Kos/Asrama
UINRIL,1.38,Rumah Mengontrak Bersama-sama,Rumah Keluarga/Pribadi
UINRIL,1.38,Rumah Mengontrak Bersama-sama,Rumah Keluarga/Pribadi
UINRIL,2.22,Kos Sendiri,Kos/Asrama
UINRIL,2.22,Kos Sendiri,Kos/Asrama
UINRIL,3.96,Rumah Mengontrak Bersama-sama,Rumah Keluarga/Pribadi
UINRIL,1.36,Kos Sendiri,Kos/Asrama
UINRIL,5.47,Rumah Pribadi/Rumah Keluarga,Rumah Keluarga/Pribadi
UINRIL,3,Rumah Pribadi/Rumah Keluarga,Rumah Keluarga/Pribadi
UINRIL,3.87,Rumah Mengontrak Bersama-sama,Rumah Keluarga/Pribadi
UINRIL,4.17,Rumah Mengontrak Bersama-sama,Rumah Keluarga/Pribadi
UINRIL,1.5,Kos Sendiri,Kos/Asrama
UINRIL,3.86,Rumah Pribadi/Rumah Keluarga,Rumah Keluarga/Pribadi
UINRIL,1.5,Rumah Mengontrak Bersama-sama,Rumah Keluarga/Pribadi
UINRIL,3.65,Kos Sendiri,Kos/Asrama
UINRIL,1.5,Rumah Mengontrak Bersama-sama,Rumah Keluarga/Pribadi
UINRIL,2.81,Rumah Mengontrak Bersama-sama,Rumah Keluarga/Pribadi
UINRIL,1.26,Kos Sendiri,Kos/Asrama
UINRIL,1.93,Kos Sendiri,Kos/Asrama
UINRIL,0.83,Kos Sendiri,Kos/Asrama
UINRIL,0.86,Rumah Mengontrak Bersama-sama,Rumah Keluarga/Pribadi
UINRIL,3.06,Kos Sendiri,Kos/Asrama
UINRIL,3.17,Kos Sendiri,Kos/Asrama
UINRIL,2.93,Kos Sendiri,Kos/Asrama
UINRIL,1.96,Kos Sendiri,Kos/Asrama
UINRIL,2.46,Rumah Mengontrak Bersama-sama,Rumah Keluarga/Pribadi
UINRIL,0.77,Rumah Mengontrak Bersama-sama,Rumah Keluarga/Pribadi
UINRIL,2.39,Kos Sendiri,Kos/Asrama
UINRIL,2.31,Rumah Pribadi/Rumah Keluarga,Rumah Keluarga/Pribadi
UINRIL,0.96,Kos Sendiri,Kos/Asrama
UINRIL,1.3,Rumah Mengontrak Bersama-sama,Rumah Keluarga/Pribadi
UINRIL,1.23,Kos Sendiri,Kos/Asrama
UINRIL,0.55,Rumah Mengontrak Bersama-sama,Rumah Keluarga/Pribadi
UINRIL,0.55,Rumah Mengontrak Bersama-sama,Rumah Keluarga/Pribadi
UINRIL,0.55,Rumah Mengontrak Bersama-sama,Rumah Keluarga/Pribadi
UINRIL,0.57,Kos Sendiri,Kos/Asrama
UINRIL,1.05,Rumah Pribadi/Rumah Keluarga,Rumah Keluarga/Pribadi
UINRIL,1.93,Rumah Pribadi/Rumah Keluarga,Rumah Keluarga/Pribadi
UINRIL,2.08,Kos Sendiri,Kos/Asrama
UINRIL,0.56,Rumah Pribadi/Rumah Keluarga,Rumah Keluarga/Pribadi
UINRIL,1.84,Kos Sendiri,Kos/Asrama
UINRIL,1.41,Kos Sendiri,Kos/Asrama
UINRIL,1.03,Rumah Mengontrak Bersama-sama,Rumah Keluarga/Pribadi
UINRIL,1.82,Kos Sendiri,Kos/Asrama
UINRIL,1.83,Rumah Mengontrak Bersama-sama,Rumah Keluarga/Pribadi
UINRIL,0.28,Kos Sendiri,Kos/Asrama
UINRIL,5.59,Rumah Pribadi/Rumah Keluarga,Rumah Keluarga/Pribadi
UINRIL,4.5,Rumah Pribadi/Rumah Keluarga,Rumah Keluarga/Pribadi
UINRIL,1.29,Rumah Mengontrak Bersama-sama,Rumah Keluarga/Pribadi
UINRIL,6.62,Rumah Pribadi/Rumah Keluarga,Rumah Keluarga/Pribadi
UINRIL,2.27,Kos Sendiri,Kos/Asrama
UINRIL,1.14,Kos Sendiri,Kos/Asrama
UINRIL,1.51,Kos Sendiri,Kos/Asrama
UINRIL,1.02,Rumah Mengontrak Bersama-sama,Rumah Keluarga/Pribadi
UINRIL,4.32,Rumah Bersama Saudara,Rumah Keluarga/Pribadi
UINRIL,7.98,Rumah Pribadi/Rumah Keluarga,Rumah Keluarga/Pribadi
UINRIL,2.27,Kos Sendiri,Kos/Asrama
UINRIL,3.24,Rumah Pribadi/Rumah Keluarga,Rumah Keluarga/Pribadi
UINRIL,2.26,Rumah Pribadi/Rumah Keluarga,Rumah Keluarga/Pribadi
UINRIL,3.74,Rumah Pribadi/Rumah Keluarga,Rumah Keluarga/Pribadi
UINRIL,2.08,Rumah Pribadi/Rumah Keluarga,Rumah Keluarga/Pribadi
UINRIL,9.55,Rumah Pribadi/Rumah Keluarga,Rumah Keluarga/Pribadi
UINRIL,2.46,Kos Sendiri,Kos/Asrama
UINRIL,2.9,Kos Sendiri,Kos/Asrama
UINRIL,2.35,Kos Sendiri,Kos/Asrama
UINRIL,7.63,Rumah Mengontrak Bersama-sama,Rumah Keluarga/Pribadi
UINRIL,4.36,Kos Sendiri,Kos/Asrama
UINRIL,2.13,Rumah Mengontrak Bersama-sama,Rumah Keluarga/Pribadi
UINRIL,0.83,Kos Sendiri,Kos/Asrama
UINRIL,4.26,Rumah Pribadi/Rumah Keluarga,Rumah Keluarga/Pribadi
UINRIL,1.84,Kos Sendiri,Kos/Asrama
UINRIL,1.48,Rumah Mengontrak Bersama-sama,Rumah Keluarga/Pribadi
UINRIL,2.26,Kos Sendiri,Kos/Asrama
UINRIL,2.51,Rumah Pribadi/Rumah Keluarga,Rumah Keluarga/Pribadi
UINRIL,1.64,Rumah Mengontrak Bersama-sama,Rumah Keluarga/Pribadi
UINRIL,4.5,Rumah Pribadi/Rumah Keluarga,Rumah Keluarga/Pribadi
UINRIL,0.87,Kos Sendiri,Kos/Asrama
UINRIL,0.77,Rumah Mengontrak Bersama-sama,Rumah Keluarga/Pribadi
UINRIL,3.95,Kos Sendiri,Kos/Asrama
UINRIL,5.89,Rumah Pribadi/Rumah Keluarga,Rumah Keluarga/Pribadi
UINRIL,8.4,Rumah Pribadi/Rumah Keluarga,Rumah Keluarga/Pribadi
UINRIL,7.11,Rumah Pribadi/Rumah Keluarga,Rumah Keluarga/Pribadi
UINRIL,2.44,Kos Sendiri,Kos/Asrama
UINRIL,1.35,Rumah Pribadi/Rumah Keluarga,Rumah Keluarga/Pribadi
UINRIL,1.41,Kos Sendiri,Kos/Asrama
UINRIL,5.66,Rumah Pribadi/Rumah Keluarga,Rumah Keluarga/Pribadi
UINRIL,1.92,Kos Sendiri,Kos/Asrama
UINRIL,4.29,Rumah Pribadi/Rumah Keluarga,Rumah Keluarga/Pribadi
UINRIL,5.89,Rumah Pribadi/Rumah Keluarga,Rumah Keluarga/Pribadi
UINRIL,4.66,Rumah Bersama Saudara,Rumah Keluarga/Pribadi
UINRIL,6.67,Rumah Pribadi/Rumah Keluarga,Rumah Keluarga/Pribadi
UINRIL,0.55,Kos Sendiri,Kos/Asrama
UINRIL,3.77,Rumah Bersama Saudara,Rumah Keluarga/Pribadi
UINRIL,7.18,Rumah Bersama Saudara,Rumah Keluarga/Pribadi
UINRIL,1.37,Rumah Bersama Saudara,Rumah Keluarga/Pribadi
UINRIL,2.27,Kos Sendiri,Kos/Asrama
UINRIL,2.06,Kos Sendiri,Kos/Asrama
UINRIL,2.14,Rumah Mengontrak Bersama-sama,Rumah Keluarga/Pribadi
UINRIL,2.13,Kos Sendiri,Kos/Asrama
UINRIL,0.53,Kos Sendiri,Kos/Asrama
UINRIL,4.15,Rumah Pribadi/Rumah Keluarga,Rumah Keluarga/Pribadi
UINRIL,6.43,Rumah Bersama Saudara,Rumah Keluarga/Pribadi
UINRIL,2.34,Rumah Bersama Saudara,Rumah Keluarga/Pribadi
UINRIL,2.23,Rumah Mengontrak Bersama-sama,Rumah Keluarga/Pribadi
UINRIL,1.13,Rumah Mengontrak Bersama-sama,Rumah Keluarga/Pribadi
UINRIL,1.39,Rumah Pribadi/Rumah Keluarga,Rumah Keluarga/Pribadi
UINRIL,1.27,Rumah Bersama Saudara,Rumah Keluarga/Pribadi
UINRIL,2.13,Kos Sendiri,Kos/Asrama
UINRIL,2.93,Rumah Mengontrak Pribadi,Rumah Keluarga/Pribadi
UINRIL,1.74,Kos Sendiri,Kos/Asrama
UINRIL,1.19,Rumah Pribadi/Rumah Keluarga,Rumah Keluarga/Pribadi
UINRIL,1.84,Kos Sendiri,Kos/Asrama
UINRIL,1.58,Rumah Bersama Saudara,Rumah Keluarga/Pribadi
UINRIL,2.27,Rumah Pribadi/Rumah Keluarga,Rumah Keluarga/Pribadi
UINRIL,1.31,Kos Sendiri,Kos/Asrama
UINRIL,1.83,Rumah Mengontrak Bersama-sama,Rumah Keluarga/Pribadi
UINRIL,2.5,Kos Bersama-sama,Kos/Asrama
UINRIL,2.5,Kos Bersama-sama,Kos/Asrama
UINRIL,4.04,Rumah Pribadi/Rumah Keluarga,Rumah Keluarga/Pribadi
UINRIL,1.29,Kos Sendiri,Kos/Asrama
UINRIL,4.42,Rumah Mengontrak Bersama-sama,Rumah Keluarga/Pribadi
UINRIL,1.38,Kos Sendiri,Kos/Asrama
UINRIL,2.54,Rumah Mengontrak Bersama-sama,Rumah Keluarga/Pribadi
UINRIL,0.57,Rumah Mengontrak Bersama-sama,Rumah Keluarga/Pribadi
UBL,4.223796708,Rumah pribadi/rumah keluarga,Rumah Keluarga/Pribadi
UBL,2.703330966,Rumah pribadi/rumah keluarga,Rumah Keluarga/Pribadi
UBL,3.23707225,Rumah pribadi/rumah keluarga,Rumah Keluarga/Pribadi
UBL,3.002336208,Rumah pribadi/rumah keluarga,Rumah Keluarga/Pribadi
UBL,5.961924973,Rumah pribadi/rumah keluarga,Rumah Keluarga/Pribadi
UBL,2.925330624,Rumah pribadi/rumah keluarga,Rumah Keluarga/Pribadi
UBL,2.058829403,Rumah pribadi/rumah keluarga,Rumah Keluarga/Pribadi
UBL,12.00787087,Rumah pribadi/rumah keluarga,Rumah Keluarga/Pribadi
UBL,4.735578254,Rumah pribadi/rumah keluarga,Rumah Keluarga/Pribadi
UBL,6.741307357,Rumah pribadi/rumah keluarga,Rumah Keluarga/Pribadi
UBL,2.423931439,Rumah mengontrak pribadi,Rumah Keluarga/Pribadi
UBL,2.411815956,Rumah mengontrak bersama-sama,Rumah Keluarga/Pribadi
UBL,2.778746676,Rumah mengontrak pribadi,Rumah Keluarga/Pribadi
UBL,12.7777211,Rumah pribadi/rumah keluarga,Rumah Keluarga/Pribadi
UBL,2.411815956,Rumah mengontrak pribadi,Rumah Keluarga/Pribadi
UBL,0.781954445,Kos Sendiri,Kos/Asrama
UBL,0.323106549,Kos Sendiri,Kos/Asrama
UBL,1.911035836,Kos bersama-sama,Kos/Asrama
UBL,6.890955751,Rumah bersama saudara,Rumah Keluarga/Pribadi
UBL,0.109226291,Kos Sendiri,Kos/Asrama
UBL,43.54519224,Kos bersama-sama,Kos/Asrama
UBL,1.965350967,Kos bersama-sama,Kos/Asrama
UBL,1.965350967,Kos Sendiri,Kos/Asrama
UBL,2.50789878,Kos bersama-sama,Kos/Asrama
UBL,3.753355386,Rumah pribadi/rumah keluarga,Rumah Keluarga/Pribadi
UBL,30.52721376,Asrama,Kos/Asrama
UBL,2.50789878,Kos bersama-sama,Kos/Asrama
UBL,0.298610794,Kos Sendiri,Kos/Asrama
UBL,3.020480868,Rumah pribadi/rumah keluarga,Rumah Keluarga/Pribadi
UBL,1.251715141,Rumah pribadi/rumah keluarga,Rumah Keluarga/Pribadi
UBL,0.329986236,Kos Sendiri,Kos/Asrama
UBL,1.778415823,Rumah pribadi/rumah keluarga,Rumah Keluarga/Pribadi
UBL,3.23707225,Rumah pribadi/rumah keluarga,Rumah Keluarga/Pribadi
UBL,2.140891514,Rumah pribadi/rumah keluarga,Rumah Keluarga/Pribadi
UBL,5.296755213,Rumah pribadi/rumah keluarga,Rumah Keluarga/Pribadi
UBL,7.203383432,Rumah pribadi/rumah keluarga,Rumah Keluarga/Pribadi
UBL,5.654532615,Rumah pribadi/rumah keluarga,Rumah Keluarga/Pribadi
UBL,24.02112105,Rumah pribadi/rumah keluarga,Rumah Keluarga/Pribadi
UBL,4.235240115,Rumah pribadi/rumah keluarga,Rumah Keluarga/Pribadi
UBL,6.300977797,Rumah pribadi/rumah keluarga,Rumah Keluarga/Pribadi
UBL,3.09440517,Rumah pribadi/rumah keluarga,Rumah Keluarga/Pribadi
UBL,0.282353404,Kos Sendiri,Kos/Asrama
UBL,24.02112105,Kos Sendiri,Kos/Asrama
UBL,0.421196876,Kos Sendiri,Kos/Asrama
UBL,0.421196876,Kos bersama-sama,Kos/Asrama
UBL,1.977390761,Kos Sendiri,Kos/Asrama
UBL,3.23707225,Rumah pribadi/rumah keluarga,Rumah Keluarga/Pribadi
UBL,5.854269746,Rumah pribadi/rumah keluarga,Rumah Keluarga/Pribadi
UBL,0.974907821,Rumah pribadi/rumah keluarga,Rumah Keluarga/Pribadi
UBL,5.497992055,Rumah pribadi/rumah keluarga,Rumah Keluarga/Pribadi
UBL,5.806230387,Rumah pribadi/rumah keluarga,Rumah Keluarga/Pribadi
UBL,2.50789878,Kos bersama-sama,Kos/Asrama
UBL,4.214066217,Rumah pribadi/rumah keluarga,Rumah Keluarga/Pribadi
UBL,0.201040238,Kos Sendiri,Kos/Asrama
UBL,1.352126611,Rumah pribadi/rumah keluarga,Rumah Keluarga/Pribadi
UBL,0.427721659,Rumah pribadi/rumah keluarga,Rumah Keluarga/Pribadi
UBL,5.441067808,Rumah pribadi/rumah keluarga,Rumah Keluarga/Pribadi
UBL,1.311269222,Rumah pribadi/rumah keluarga,Rumah Keluarga/Pribadi
UBL,1.311269222,Kos Sendiri,Kos/Asrama
UBL,1.311269222,Kos bersama-sama,Kos/Asrama
UBL,0.063516761,Kos Sendiri,Kos/Asrama
UBL,0.063516761,Rumah mengontrak bersama-sama,Rumah Keluarga/Pribadi
UBL,1.311269222,Kos Sendiri,Kos/Asrama
UBL,1.192204482,Rumah bersama saudara,Rumah Keluarga/Pribadi
UBL,4.894188544,Rumah pribadi/rumah keluarga,Rumah Keluarga/Pribadi
UBL,0.177691507,Kos Sendiri,Kos/Asrama
UBL,5.050923037,Rumah bersama saudara,Rumah Keluarga/Pribadi
UBL,1.311269222,Kos bersama-sama,Kos/Asrama
UBL,1.311269222,Rumah mengontrak bersama-sama,Rumah Keluarga/Pribadi
UBL,1.311269222,Rumah pribadi/rumah keluarga,Rumah Keluarga/Pribadi
UBL,0.063516761,Kos Sendiri,Kos/Asrama
UBL,13.65606412,Rumah pribadi/rumah keluarga,Rumah Keluarga/Pribadi
UBL,1.311269222,Kos Sendiri,Kos/Asrama
UBL,1.311269222,Kos Sendiri,Kos/Asrama
UBL,13.65606412,Rumah bersama saudara,Rumah Keluarga/Pribadi
UBL,4.774000085,Rumah bersama saudara,Rumah Keluarga/Pribadi
UBL,0.421196876,Kos Sendiri,Kos/Asrama
UBL,3.735501627,Rumah pribadi/rumah keluarga,Rumah Keluarga/Pribadi
UBL,1.311269222,Kos Sendiri,Kos/Asrama
UBL,0.124797619,Kos bersama-sama,Kos/Asrama
UBL,5.413658404,Rumah bersama saudara,Rumah Keluarga/Pribadi
UBL,0.201040238,Kos Sendiri,Kos/Asrama
UBL,0.201040238,Kos Sendiri,Kos/Asrama
UBL,1.311269222,Kos bersama-sama,Kos/Asrama
UBL,1.311269222,Rumah pribadi/rumah keluarga,Rumah Keluarga/Pribadi
UBL,0.177691507,Rumah mengontrak bersama-sama,Rumah Keluarga/Pribadi
UBL,1.977390761,Kos Sendiri,Kos/Asrama
UBL,5.442073889,Rumah pribadi/rumah keluarga,Rumah Keluarga/Pribadi
UBL,1.311269222,Kos bersama-sama,Kos/Asrama
UBL,0.063516761,Kos Sendiri,Kos/Asrama
UBL,1.311269222,Kos bersama-sama,Kos/Asrama
UBL,1.311269222,Kos Sendiri,Kos/Asrama
UBL,0.124797619,Kos Sendiri,Kos/Asrama
UBL,4.774000085,Rumah pribadi/rumah keluarga,Rumah Keluarga/Pribadi
UBL,1.311269222,Kos Sendiri,Kos/Asrama
UBL,1.311269222,Rumah mengontrak bersama-sama,Rumah Keluarga/Pribadi
UBL,1.311269222,Rumah mengontrak bersama-sama,Rumah Keluarga/Pribadi
UBL,1.311269222,Kos bersama-sama,Kos/Asrama
UBL,4.774000085,Kos bersama-sama,Kos/Asrama
UBL,0.201040238,Kos Sendiri,Kos/Asrama
UBL,1.119503077,Kos Sendiri,Kos/Asrama
UBL,1.311269222,Kos Sendiri,Kos/Asrama
UBL,1.311269222,Rumah mengontrak bersama-sama,Rumah Keluarga/Pribadi
UBL,0.201040238,Rumah pribadi/rumah keluarga,Rumah Keluarga/Pribadi
UBL,4.146537741,Rumah pribadi/rumah keluarga,Rumah Keluarga/Pribadi
UBL,5.446244425,Rumah mengontrak bersama-sama,Rumah Keluarga/Pribadi
UBL,3.49180794,Rumah pribadi/rumah keluarga,Rumah Keluarga/Pribadi
UBL,1.192204482,Rumah pribadi/rumah keluarga,Rumah Keluarga/Pribadi
UBL,4.774000085,Kos Sendiri,Kos/Asrama
UBL,0.255963698,Kos Sendiri,Kos/Asrama
UBL,1.32649712,Kos Sendiri,Kos/Asrama
UBL,2.305694563,Rumah pribadi/rumah keluarga,Rumah Keluarga/Pribadi
UBL,4.774000085,Kos Sendiri,Kos/Asrama
UBL,3.245569841,Rumah bersama saudara,Rumah Keluarga/Pribadi
UBL,4.146537741,Rumah pribadi/rumah keluarga,Rumah Keluarga/Pribadi
UBL,13.65606412,Rumah bersama saudara,Rumah Keluarga/Pribadi
UBL,5.446244425,Rumah bersama saudara,Rumah Keluarga/Pribadi
UBL,1.32649712,Kos bersama-sama,Kos/Asrama
UBL,1.32649712,Kos Sendiri,Kos/Asrama
UBL,1.311269222,Kos Sendiri,Kos/Asrama
UBL,0.063516761,Rumah pribadi/rumah keluarga,Rumah Keluarga/Pribadi
UBL,1.311269222,Kos bersama-sama,Kos/Asrama
UBL,1.311269222,Rumah pribadi/rumah keluarga,Rumah Keluarga/Pribadi
UBL,1.311269222,Kos Sendiri,Kos/Asrama
UBL,1.311269222,Kos Sendiri,Kos/Asrama
UBL,0.201040238,Kos Sendiri,Kos/Asrama
UBL,1.311269222,Kos Sendiri,Kos/Asrama
UBL,0.177691507,Kos Sendiri,Kos/Asrama
UBL,1.40351248,Rumah mengontrak bersama-sama,Rumah Keluarga/Pribadi
UBL,1.40351248,Rumah bersama saudara,Rumah Keluarga/Pribadi
UBL,2.66043282,Rumah pribadi/rumah keluarga,Rumah Keluarga/Pribadi
UBL,1.311269222,Kos Sendiri,Kos/Asrama
UBL,0.063516761,Kos Sendiri,Kos/Asrama
UBL,0.421196876,Kos Sendiri,Kos/Asrama
UBL,0.421196876,Kos Sendiri,Kos/Asrama
UBL,3.113390082,Rumah pribadi/rumah keluarga,Rumah Keluarga/Pribadi
UBL,0.538388106,Rumah pribadi/rumah keluarga,Rumah Keluarga/Pribadi
UBL,5.90182776,Rumah pribadi/rumah keluarga,Rumah Keluarga/Pribadi
UBL,3.68562406,Rumah pribadi/rumah keluarga,Rumah Keluarga/Pribadi
UBL,0.421196876,Kos Sendiri,Kos/Asrama
UBL,0.421196876,Kos Sendiri,Kos/Asrama
UBL,4.600882039,Rumah pribadi/rumah keluarga,Rumah Keluarga/Pribadi
UBL,5.80557831,Rumah pribadi/rumah keluarga,Rumah Keluarga/Pribadi
UBL,5.830706844,Rumah pribadi/rumah keluarga,Rumah Keluarga/Pribadi
UBL,1.869401204,Rumah bersama saudara,Rumah Keluarga/Pribadi
UBL,2.77823329,Rumah pribadi/rumah keluarga,Rumah Keluarga/Pribadi
UBL,5.287495261,Rumah pribadi/rumah keluarga,Rumah Keluarga/Pribadi
UBL,5.010516877,Rumah pribadi/rumah keluarga,Rumah Keluarga/Pribadi
UBL,5.691310386,Rumah pribadi/rumah keluarga,Rumah Keluarga/Pribadi
UBL,4.694593328,Rumah pribadi/rumah keluarga,Rumah Keluarga/Pribadi
UBL,2.34363547,Rumah mengontrak pribadi,Rumah Keluarga/Pribadi
UBL,3.713260276,Rumah pribadi/rumah keluarga,Rumah Keluarga/Pribadi
UBL,2.10489706,Rumah pribadi/rumah keluarga,Rumah Keluarga/Pribadi
UBL,5.419349128,Rumah pribadi/rumah keluarga,Rumah Keluarga/Pribadi
UBL,5.036051991,Rumah bersama saudara,Rumah Keluarga/Pribadi
UBL,4.62121968,Rumah pribadi/rumah keluarga,Rumah Keluarga/Pribadi
UBL,3.315212938,Rumah pribadi/rumah keluarga,Rumah Keluarga/Pribadi
UBL,1.167968934,Rumah pribadi/rumah keluarga,Rumah Keluarga/Pribadi
UBL,3.096248512,Rumah pribadi/rumah keluarga,Rumah Keluarga/Pribadi
UBL,4.02041498,Rumah pribadi/rumah keluarga,Rumah Keluarga/Pribadi
UBL,3.354913126,Rumah pribadi/rumah keluarga,Rumah Keluarga/Pribadi
UBL,3.222855553,Rumah pribadi/rumah keluarga,Rumah Keluarga/Pribadi
UBL,0.421196876,Kos Sendiri,Kos/Asrama
UBL,4.5184027,Rumah pribadi/rumah keluarga,Rumah Keluarga/Pribadi
UBL,3.548537218,Rumah pribadi/rumah keluarga,Rumah Keluarga/Pribadi
UBL,4.290278301,Rumah pribadi/rumah keluarga,Rumah Keluarga/Pribadi
UBL,2.364386957,Rumah pribadi/rumah keluarga,Rumah Keluarga/Pribadi
UBL,2.690369606,Rumah pribadi/rumah keluarga,Rumah Keluarga/Pribadi
UBL,2.520245882,Rumah pribadi/rumah keluarga,Rumah Keluarga/Pribadi
UBL,2.902969287,Rumah pribadi/rumah keluarga,Rumah Keluarga/Pribadi
UBL,2.530244341,Rumah pribadi/rumah keluarga,Rumah Keluarga/Pribadi
UBL,2.237315918,Rumah pribadi/rumah keluarga,Rumah Keluarga/Pribadi
UBL,2.190541521,Rumah pribadi/rumah keluarga,Rumah Keluarga/Pribadi
UBL,4.315786471,Rumah mengontrak pribadi,Rumah Keluarga/Pribadi
UBL,6.030575868,Rumah pribadi/rumah keluarga,Rumah Keluarga/Pribadi
UBL,3.798747757,Rumah pribadi/rumah keluarga,Rumah Keluarga/Pribadi
UBL,2.253280565,Rumah pribadi/rumah keluarga,Rumah Keluarga/Pribadi
UBL,7.342939583,Rumah pribadi/rumah keluarga,Rumah Keluarga/Pribadi
UBL,6.216652949,Rumah pribadi/rumah keluarga,Rumah Keluarga/Pribadi
UBL,1.641342744,Rumah pribadi/rumah keluarga,Rumah Keluarga/Pribadi
UBL,2.261991623,Rumah pribadi/rumah keluarga,Rumah Keluarga/Pribadi
UBL,2.907689166,Rumah pribadi/rumah keluarga,Rumah Keluarga/Pribadi
UBL,0.933432681,Rumah bersama saudara,Rumah Keluarga/Pribadi
UBL,0.869150688,Rumah pribadi/rumah keluarga,Rumah Keluarga/Pribadi
UBL,7.493916174,Rumah pribadi/rumah keluarga,Rumah Keluarga/Pribadi
UBL,0.733135599,Rumah pribadi/rumah keluarga,Rumah Keluarga/Pribadi
UBL,3.239116806,Rumah pribadi/rumah keluarga,Rumah Keluarga/Pribadi
UBL,2.068500832,Rumah pribadi/rumah keluarga,Rumah Keluarga/Pribadi
UBL,2.629455679,Rumah pribadi/rumah keluarga,Rumah Keluarga/Pribadi
UBL,4.810488731,Rumah pribadi/rumah keluarga,Rumah Keluarga/Pribadi
UBL,0.734324376,Rumah pribadi/rumah keluarga,Rumah Keluarga/Pribadi
UBL,2.340177987,Rumah pribadi/rumah keluarga,Rumah Keluarga/Pribadi
UBL,2.012286149,Rumah pribadi/rumah keluarga,Rumah Keluarga/Pribadi
UBL,3.277631679,Rumah pribadi/rumah keluarga,Rumah Keluarga/Pribadi
UBL,0.592361664,Kos Sendiri,Kos/Asrama
UBL,0.991739715,Rumah pribadi/rumah keluarga,Rumah Keluarga/Pribadi
UBL,1.448098185,Rumah pribadi/rumah keluarga,Rumah Keluarga/Pribadi
UBL,2.958160665,Rumah pribadi/rumah keluarga,Rumah Keluarga/Pribadi
UBL,4.499521627,Rumah pribadi/rumah keluarga,Rumah Keluarga/Pribadi
UBL,0.287605438,Rumah pribadi/rumah keluarga,Rumah Keluarga/Pribadi
UBL,2.629455679,Rumah pribadi/rumah keluarga,Rumah Keluarga/Pribadi
UBL,1.572893042,Kos bersama-sama,Kos/Asrama
UBL,5.824231663,Rumah pribadi/rumah keluarga,Rumah Keluarga/Pribadi
UBL,5.230078489,Rumah pribadi/rumah keluarga,Rumah Keluarga/Pribadi
UBL,4.212380528,Rumah pribadi/rumah keluarga,Rumah Keluarga/Pribadi
UBL,2.221481311,Kos bersama-sama,Kos/Asrama
UBL,7.938788294,Rumah pribadi/rumah keluarga,Rumah Keluarga/Pribadi
UBL,7.938788294,Rumah pribadi/rumah keluarga,Rumah Keluarga/Pribadi
UBL,2.440728081,Rumah pribadi/rumah keluarga,Rumah Keluarga/Pribadi
UBL,2.751459595,Rumah pribadi/rumah keluarga,Rumah Keluarga/Pribadi
UBL,3.839764074,Rumah pribadi/rumah keluarga,Rumah Keluarga/Pribadi
UBL,3.521868899,Rumah pribadi/rumah keluarga,Rumah Keluarga/Pribadi
UBL,1.787724346,Rumah pribadi/rumah keluarga,Rumah Keluarga/Pribadi
UBL,4.081306557,Rumah pribadi/rumah keluarga,Rumah Keluarga/Pribadi
UBL,3.569418265,Rumah pribadi/rumah keluarga,Rumah Keluarga/Pribadi
UBL,2.219981332,Rumah pribadi/rumah keluarga,Rumah Keluarga/Pribadi
UBL,8.680099096,Rumah pribadi/rumah keluarga,Rumah Keluarga/Pribadi
UBL,5.986168756,Rumah pribadi/rumah keluarga,Rumah Keluarga/Pribadi
UBL,8.521836716,Rumah pribadi/rumah keluarga,Rumah Keluarga/Pribadi
UBL,3.829793712,Rumah pribadi/rumah keluarga,Rumah Keluarga/Pribadi
UBL,4.974810796,Rumah pribadi/rumah keluarga,Rumah Keluarga/Pribadi
UBL,5.986168756,Rumah pribadi/rumah keluarga,Rumah Keluarga/Pribadi
UBL,4.957642327,Rumah pribadi/rumah keluarga,Rumah Keluarga/Pribadi
UBL,4.802100264,Rumah pribadi/rumah keluarga,Rumah Keluarga/Pribadi
UBL,5.241010676,Rumah pribadi/rumah keluarga,Rumah Keluarga/Pribadi
UBL,0.421196876,Kos Sendiri,Kos/Asrama
UBL,1.364458401,Rumah pribadi/rumah keluarga,Rumah Keluarga/Pribadi
UBL,1.878808568,Rumah pribadi/rumah keluarga,Rumah Keluarga/Pribadi
UBL,1.069331704,Rumah pribadi/rumah keluarga,Rumah Keluarga/Pribadi
UBL,7.154815043,Rumah pribadi/rumah keluarga,Rumah Keluarga/Pribadi
UBL,4.385755452,Rumah pribadi/rumah keluarga,Rumah Keluarga/Pribadi
UBL,1.926858932,Rumah pribadi/rumah keluarga,Rumah Keluarga/Pribadi
UBL,3.098495784,Rumah pribadi/rumah keluarga,Rumah Keluarga/Pribadi
UBL,4.206793313,Rumah pribadi/rumah keluarga,Rumah Keluarga/Pribadi
UBL,6.219275642,Rumah pribadi/rumah keluarga,Rumah Keluarga/Pribadi
UBL,1.656918556,Rumah bersama saudara,Rumah Keluarga/Pribadi
UBL,2.11284711,Rumah pribadi/rumah keluarga,Rumah Keluarga/Pribadi
UBL,0.892853672,Rumah pribadi/rumah keluarga,Rumah Keluarga/Pribadi
UBL,1.656918556,Rumah bersama saudara,Rumah Keluarga/Pribadi
UBL,0.976674195,Kos Sendiri,Kos/Asrama
UBL,4.505262959,Rumah pribadi/rumah keluarga,Rumah Keluarga/Pribadi
UBL,1.35683147,Rumah pribadi/rumah keluarga,Rumah Keluarga/Pribadi
UBL,4.505262959,Rumah pribadi/rumah keluarga,Rumah Keluarga/Pribadi
UBL,1.839389157,Rumah pribadi/rumah keluarga,Rumah Keluarga/Pribadi
UBL,1.35683147,Rumah pribadi/rumah keluarga,Rumah Keluarga/Pribadi
UBL,1.539924059,Rumah pribadi/rumah keluarga,Rumah Keluarga/Pribadi
UBL,1.656238914,Rumah pribadi/rumah keluarga,Rumah Keluarga/Pribadi
UBL,0.501244848,Rumah pribadi/rumah keluarga,Rumah Keluarga/Pribadi
UBL,1.775256135,Rumah pribadi/rumah keluarga,Rumah Keluarga/Pribadi
UBL,1.122152673,Rumah pribadi/rumah keluarga,Rumah Keluarga/Pribadi
UBL,1.045679685,Rumah bersama saudara,Rumah Keluarga/Pribadi
UBL,1.35428619,Rumah pribadi/rumah keluarga,Rumah Keluarga/Pribadi
UBL,4.06134513,Rumah pribadi/rumah keluarga,Rumah Keluarga/Pribadi
UBL,1.234770674,Rumah pribadi/rumah keluarga,Rumah Keluarga/Pribadi
UBL,1.35428619,Rumah bersama saudara,Rumah Keluarga/Pribadi
UBL,4.363461675,Rumah pribadi/rumah keluarga,Rumah Keluarga/Pribadi
UBL,3.249929315,Rumah pribadi/rumah keluarga,Rumah Keluarga/Pribadi
UBL,3.171617387,Rumah pribadi/rumah keluarga,Rumah Keluarga/Pribadi
UBL,4.498009214,Rumah pribadi/rumah keluarga,Rumah Keluarga/Pribadi
UBL,1.183931381,Rumah pribadi/rumah keluarga,Rumah Keluarga/Pribadi
UBL,1.183931381,Rumah pribadi/rumah keluarga,Rumah Keluarga/Pribadi
UBL,5.263774832,Rumah pribadi/rumah keluarga,Rumah Keluarga/Pribadi
UBL,1.179398143,Rumah pribadi/rumah keluarga,Rumah Keluarga/Pribadi
UBL,1.439056074,Rumah pribadi/rumah keluarga,Rumah Keluarga/Pribadi
UBL,4.448930352,Rumah pribadi/rumah keluarga,Rumah Keluarga/Pribadi
UBL,5.362427134,Rumah bersama saudara,Rumah Keluarga/Pribadi
UBL,3.308584865,Rumah bersama saudara,Rumah Keluarga/Pribadi
UBL,1.993916898,Rumah pribadi/rumah keluarga,Rumah Keluarga/Pribadi
UBL,1.690773079,Rumah pribadi/rumah keluarga,Rumah Keluarga/Pribadi
UBL,2.364386957,Rumah pribadi/rumah keluarga,Rumah Keluarga/Pribadi
UBL,4.208207301,Rumah pribadi/rumah keluarga,Rumah Keluarga/Pribadi
UBL,2.131168906,Rumah pribadi/rumah keluarga,Rumah Keluarga/Pribadi
UBL,3.119256979,Rumah pribadi/rumah keluarga,Rumah Keluarga/Pribadi
UBL,1.842410414,Rumah pribadi/rumah keluarga,Rumah Keluarga/Pribadi
UBL,2.725114168,Rumah pribadi/rumah keluarga,Rumah Keluarga/Pribadi
UBL,1.244403707,Rumah pribadi/rumah keluarga,Rumah Keluarga/Pribadi
UBL,7.55293846,Rumah pribadi/rumah keluarga,Rumah Keluarga/Pribadi
UBL,2.725114168,Rumah pribadi/rumah keluarga,Rumah Keluarga/Pribadi
UBL,0.421196876,Kos Sendiri,Kos/Asrama
UBL,3.116770684,Rumah pribadi/rumah keluarga,Rumah Keluarga/Pribadi
UBL,2.842587266,Rumah pribadi/rumah keluarga,Rumah Keluarga/Pribadi
UBL,3.756796208,Rumah pribadi/rumah keluarga,Rumah Keluarga/Pribadi
UBL,0.421196876,Kos Sendiri,Kos/Asrama
UBL,2.131168906,Rumah bersama saudara,Rumah Keluarga/Pribadi
UBL,4.801997026,Rumah pribadi/rumah keluarga,Rumah Keluarga/Pribadi
UBL,1.19698085,Rumah pribadi/rumah keluarga,Rumah Keluarga/Pribadi
UBL,5.482121402,Rumah pribadi/rumah keluarga,Rumah Keluarga/Pribadi
UBL,4.684394322,Rumah pribadi/rumah keluarga,Rumah Keluarga/Pribadi
UBL,5.654532615,Rumah pribadi/rumah keluarga,Rumah Keluarga/Pribadi
UBL,2.713970664,Rumah pribadi/rumah keluarga,Rumah Keluarga/Pribadi
UBL,3.025538433,Rumah pribadi/rumah keluarga,Rumah Keluarga/Pribadi
UBL,1.977390761,Rumah pribadi/rumah keluarga,Rumah Keluarga/Pribadi
UBL,4.766060188,Rumah pribadi/rumah keluarga,Rumah Keluarga/Pribadi
UBL,3.108913865,Rumah pribadi/rumah keluarga,Rumah Keluarga/Pribadi
UBL,1.636160181,Rumah pribadi/rumah keluarga,Rumah Keluarga/Pribadi
UBL,1.636160181,Rumah pribadi/rumah keluarga,Rumah Keluarga/Pribadi
UBL,6.168818338,Rumah pribadi/rumah keluarga,Rumah Keluarga/Pribadi
UBL,2.337762627,Kos Sendiri,Kos/Asrama
UBL,1.078228666,Kos Sendiri,Kos/Asrama
UBL,2.713473952,Rumah pribadi/rumah keluarga,Rumah Keluarga/Pribadi
UBL,0.583639071,Kos Sendiri,Kos/Asrama
UBL,1.095409914,Rumah pribadi/rumah keluarga,Rumah Keluarga/Pribadi
UBL,5.301213799,Rumah pribadi/rumah keluarga,Rumah Keluarga/Pribadi
UBL,5.418273673,Rumah pribadi/rumah keluarga,Rumah Keluarga/Pribadi
UBL,4.931691228,Rumah pribadi/rumah keluarga,Rumah Keluarga/Pribadi
UBL,6.113873406,Rumah pribadi/rumah keluarga,Rumah Keluarga/Pribadi
UBL,0.997812015,Kos Sendiri,Kos/Asrama
UBL,3.825166186,Rumah pribadi/rumah keluarga,Rumah Keluarga/Pribadi
UBL,3.520117444,Rumah pribadi/rumah keluarga,Rumah Keluarga/Pribadi
UBL,5.603129786,Rumah pribadi/rumah keluarga,Rumah Keluarga/Pribadi
UBL,3.684814478,Rumah pribadi/rumah keluarga,Rumah Keluarga/Pribadi
UBL,0.223526852,Kos Sendiri,Kos/Asrama
UBL,2.253035673,Rumah bersama saudara,Rumah Keluarga/Pribadi
UBL,1.661184434,Kos Sendiri,Kos/Asrama
UBL,2.770641918,Rumah bersama saudara,Rumah Keluarga/Pribadi
UBL,2.121246264,Rumah pribadi/rumah keluarga,Rumah Keluarga/Pribadi
UBL,0.944185368,Rumah bersama saudara,Rumah Keluarga/Pribadi
UBL,5.869433024,Rumah pribadi/rumah keluarga,Rumah Keluarga/Pribadi
UBL,3.736093076,Rumah bersama saudara,Rumah Keluarga/Pribadi
UBL,3.523196589,Rumah pribadi/rumah keluarga,Rumah Keluarga/Pribadi
UBL,0.421196876,Kos Sendiri,Kos/Asrama
UBL,5.483812027,Rumah pribadi/rumah keluarga,Rumah Keluarga/Pribadi
UBL,5.934150219,Rumah pribadi/rumah keluarga,Rumah Keluarga/Pribadi
UBL,7.721061558,Rumah pribadi/rumah keluarga,Rumah Keluarga/Pribadi
UBL,3.746164394,Rumah pribadi/rumah keluarga,Rumah Keluarga/Pribadi
UBL,4.804764071,Rumah pribadi/rumah keluarga,Rumah Keluarga/Pribadi
UBL,5.775420396,Rumah pribadi/rumah keluarga,Rumah Keluarga/Pribadi
UBL,6.937402999,Rumah pribadi/rumah keluarga,Rumah Keluarga/Pribadi
UBL,4.694721516,Rumah pribadi/rumah keluarga,Rumah Keluarga/Pribadi
UBL,3.417557782,Rumah pribadi/rumah keluarga,Rumah Keluarga/Pribadi
UBL,1.470183382,Rumah pribadi/rumah keluarga,Rumah Keluarga/Pribadi
UBL,2.41265708,Rumah pribadi/rumah keluarga,Rumah Keluarga/Pribadi
UBL,6.212812286,Rumah pribadi/rumah keluarga,Rumah Keluarga/Pribadi
UBL,2.2792265,Rumah pribadi/rumah keluarga,Rumah Keluarga/Pribadi
UBL,2.195442512,Rumah pribadi/rumah keluarga,Rumah Keluarga/Pribadi
UBL,4.630639198,Rumah pribadi/rumah keluarga,Rumah Keluarga/Pribadi
UBL,0.330821916,Kos Sendiri,Kos/Asrama
UBL,7.865911096,Rumah bersama saudara,Rumah Keluarga/Pribadi
UBL,1.235915372,Kos bersama-sama,Kos/Asrama
UBL,0.470414021,Kos bersama-sama,Kos/Asrama
UBL,3.829713536,Rumah bersama saudara,Rumah Keluarga/Pribadi
UBL,8.299326124,Rumah pribadi/rumah keluarga,Rumah Keluarga/Pribadi
UBL,2.071359041,Rumah bersama saudara,Rumah Keluarga/Pribadi
UBL,0.437019785,Rumah pribadi/rumah keluarga,Rumah Keluarga/Pribadi
UBL,2.84940882,Rumah pribadi/rumah keluarga,Rumah Keluarga/Pribadi
UBL,2.646199003,Rumah pribadi/rumah keluarga,Rumah Keluarga/Pribadi
UBL,4.804276926,Rumah pribadi/rumah keluarga,Rumah Keluarga/Pribadi
UBL,5.855147394,Rumah pribadi/rumah keluarga,Rumah Keluarga/Pribadi
UBL,2.740948274,Rumah pribadi/rumah keluarga,Rumah Keluarga/Pribadi
UBL,5.109739909,Rumah pribadi/rumah keluarga,Rumah Keluarga/Pribadi
UBL,8.685426981,Rumah pribadi/rumah keluarga,Rumah Keluarga/Pribadi
UBL,3.966859999,Rumah pribadi/rumah keluarga,Rumah Keluarga/Pribadi
UBL,4.830051327,Rumah pribadi/rumah keluarga,Rumah Keluarga/Pribadi
UBL,1.908835058,Rumah pribadi/rumah keluarga,Rumah Keluarga/Pribadi
UBL,6.047204038,Rumah pribadi/rumah keluarga,Rumah Keluarga/Pribadi
UBL,5.627484673,Rumah pribadi/rumah keluarga,Rumah Keluarga/Pribadi
UBL,5.358223661,Rumah pribadi/rumah keluarga,Rumah Keluarga/Pribadi
UBL,0.287605438,Rumah pribadi/rumah keluarga,Rumah Keluarga/Pribadi
UBL,4.380956522,Rumah pribadi/rumah keluarga,Rumah Keluarga/Pribadi
UBL,2.874859528,Rumah pribadi/rumah keluarga,Rumah Keluarga/Pribadi
UBL,0.140859753,Kos bersama-sama,Kos/Asrama
UBL,0.421196876,Kos Sendiri,Kos/Asrama
UBL,6.083366721,Rumah pribadi/rumah keluarga,Rumah Keluarga/Pribadi
UBL,5.34813285,Rumah pribadi/rumah keluarga,Rumah Keluarga/Pribadi
UBL,3.877107583,Rumah pribadi/rumah keluarga,Rumah Keluarga/Pribadi
UBL,3.887183407,Rumah pribadi/rumah keluarga,Rumah Keluarga/Pribadi
UBL,0.812566496,Rumah pribadi/rumah keluarga,Rumah Keluarga/Pribadi
UBL,2.148414624,Rumah pribadi/rumah keluarga,Rumah Keluarga/Pribadi
UBL,4.54460841,Rumah pribadi/rumah keluarga,Rumah Keluarga/Pribadi
UBL,2.696499732,Rumah pribadi/rumah keluarga,Rumah Keluarga/Pribadi
UBL,6.668380151,Rumah pribadi/rumah keluarga,Rumah Keluarga/Pribadi
UBL,3.662324659,Rumah pribadi/rumah keluarga,Rumah Keluarga/Pribadi
UBL,2.764536027,Rumah pribadi/rumah keluarga,Rumah Keluarga/Pribadi
UBL,1.580955442,Rumah pribadi/rumah keluarga,Rumah Keluarga/Pribadi
UBL,3.039713267,Rumah pribadi/rumah keluarga,Rumah Keluarga/Pribadi
UBL,2.083620319,Rumah pribadi/rumah keluarga,Rumah Keluarga/Pribadi
UBL,1.137988281,Rumah pribadi/rumah keluarga,Rumah Keluarga/Pribadi
UBL,7.93460473,Rumah pribadi/rumah keluarga,Rumah Keluarga/Pribadi
UBL,1.525156324,Rumah pribadi/rumah keluarga,Rumah Keluarga/Pribadi
ITERA,6.69,Rumah pribadi/rumah keluarga,Rumah Keluarga/Pribadi
ITERA,2.82,Kos Sendiri,Kos/Asrama
ITERA,5.17,Kos Sendiri,Kos/Asrama
ITERA,6.95,Kos Sendiri,Kos/Asrama
ITERA,5.57,Rumah mengontrak bersama-sama,Rumah Keluarga/Pribadi
ITERA,4.75,Kos Sendiri,Kos/Asrama
ITERA,8.27,Rumah pribadi/rumah keluarga,Rumah Keluarga/Pribadi
ITERA,3.7,Rumah mengontrak bersama-sama,Rumah Keluarga/Pribadi
ITERA,3.77,Kos Sendiri,Kos/Asrama
ITERA,2.08,Kos Sendiri,Kos/Asrama
ITERA,6.63,Kos Sendiri,Kos/Asrama
ITERA,4.4,Rumah pribadi/rumah keluarga,Rumah Keluarga/Pribadi
ITERA,10.69,Rumah pribadi/rumah keluarga,Rumah Keluarga/Pribadi
ITERA,3.7,Kos Sendiri,Kos/Asrama
ITERA,6.09,Rumah mengontrak bersama-sama,Rumah Keluarga/Pribadi
ITERA,3.92,Rumah mengontrak bersama-sama,Rumah Keluarga/Pribadi
ITERA,3.47,Kos Sendiri,Kos/Asrama
ITERA,3.55,Kos bersama-sama,Kos/Asrama
ITERA,6.35,Rumah pribadi/rumah keluarga,Rumah Keluarga/Pribadi
ITERA,1.76,Kos Sendiri,Kos/Asrama
ITERA,5.54,Rumah pribadi/rumah keluarga,Rumah Keluarga/Pribadi
ITERA,1.76,Kos Sendiri,Kos/Asrama
ITERA,10.32,Rumah pribadi/rumah keluarga,Rumah Keluarga/Pribadi
ITERA,10.44,Rumah pribadi/rumah keluarga,Rumah Keluarga/Pribadi
ITERA,3.03,Kos Sendiri,Kos/Asrama
ITERA,6.39,Rumah bersama saudara,Rumah Keluarga/Pribadi
ITERA,7.93,Rumah pribadi/rumah keluarga,Rumah Keluarga/Pribadi
ITERA,5.03,Rumah mengontrak bersama-sama,Rumah Keluarga/Pribadi
ITERA,2.39,Kos Sendiri,Kos/Asrama
ITERA,4.8,Rumah mengontrak bersama-sama,Rumah Keluarga/Pribadi
ITERA,3.52,Kos Sendiri,Kos/Asrama
ITERA,3.56,Rumah mengontrak bersama-sama,Rumah Keluarga/Pribadi
ITERA,4.61,Kos Sendiri,Kos/Asrama
ITERA,4.75,Kos Sendiri,Kos/Asrama
ITERA,5.4,Rumah pribadi/rumah keluarga,Rumah Keluarga/Pribadi
ITERA,9.63,Kos Sendiri,Kos/Asrama
ITERA,5.4,Rumah mengontrak bersama-sama,Rumah Keluarga/Pribadi
ITERA,12.19,Kos Sendiri,Kos/Asrama
ITERA,3.81,Rumah mengontrak bersama-sama,Rumah Keluarga/Pribadi
ITERA,1.78,Kos Sendiri,Kos/Asrama
ITERA,5.46,Rumah pribadi/rumah keluarga,Rumah Keluarga/Pribadi
ITERA,3.7,Kos Sendiri,Kos/Asrama
ITERA,4.98,Kos Sendiri,Kos/Asrama
ITERA,14.12,Kos bersama-sama,Kos/Asrama
ITERA,8.56,Rumah pribadi/rumah keluarga,Rumah Keluarga/Pribadi
ITERA,35.18,Rumah pribadi/rumah keluarga,Rumah Keluarga/Pribadi
ITERA,7.89,Rumah pribadi/rumah keluarga,Rumah Keluarga/Pribadi
ITERA,3.91,Rumah pribadi/rumah keluarga,Rumah Keluarga/Pribadi
ITERA,12.41,Rumah mengontrak bersama-sama,Rumah Keluarga/Pribadi
ITERA,3.95,Rumah pribadi/rumah keluarga,Rumah Keluarga/Pribadi
ITERA,7.5,Kos Sendiri,Kos/Asrama
ITERA,13.56,Rumah bersama saudara,Rumah Keluarga/Pribadi
ITERA,9.28,Rumah pribadi/rumah keluarga,Rumah Keluarga/Pribadi
ITERA,5.87,Rumah pribadi/rumah keluarga,Rumah Keluarga/Pribadi
ITERA,3.7,Rumah mengontrak bersama-sama,Rumah Keluarga/Pribadi
ITERA,5.5,Kos Sendiri,Kos/Asrama
ITERA,4.04,Rumah mengontrak bersama-sama,Rumah Keluarga/Pribadi
ITERA,9.79,Rumah pribadi/rumah keluarga,Rumah Keluarga/Pribadi
ITERA,5.4,Rumah pribadi/rumah keluarga,Rumah Keluarga/Pribadi
ITERA,7.41,Kos bersama-sama,Kos/Asrama
ITERA,3.47,Rumah bersama saudara,Rumah Keluarga/Pribadi
ITERA,3.84,Kos Sendiri,Kos/Asrama
ITERA,3.82,Kos Sendiri,Kos/Asrama
ITERA,2.24,Kos Sendiri,Kos/Asrama
ITERA,5.14,Kos Sendiri,Kos/Asrama
ITERA,3.7,Kos Sendiri,Kos/Asrama
ITERA,3.57,Rumah mengontrak bersama-sama,Rumah Keluarga/Pribadi
ITERA,3.72,Kos Sendiri,Kos/Asrama
ITERA,3.65,Rumah mengontrak bersama-sama,Rumah Keluarga/Pribadi
ITERA,5.14,Rumah mengontrak bersama-sama,Rumah Keluarga/Pribadi
ITERA,5.59,Rumah mengontrak bersama-sama,Rumah Keluarga/Pribadi
ITERA,2.76,Kos Sendiri,Kos/Asrama
ITERA,6.83,Kos Sendiri,Kos/Asrama
ITERA,5.01,Rumah mengontrak bersama-sama,Rumah Keluarga/Pribadi
ITERA,2.26,Rumah pribadi/rumah keluarga,Rumah Keluarga/Pribadi
ITERA,3.58,Kos Sendiri,Kos/Asrama
ITERA,5.46,Rumah mengontrak bersama-sama,Rumah Keluarga/Pribadi
ITERA,6.89,Kos Sendiri,Kos/Asrama
ITERA,5.23,Rumah pribadi/rumah keluarga,Rumah Keluarga/Pribadi
ITERA,6.34,Kos Sendiri,Kos/Asrama
ITERA,3.7,Rumah mengontrak bersama-sama,Rumah Keluarga/Pribadi
ITERA,2.79,Kos Sendiri,Kos/Asrama
ITERA,2.79,Rumah mengontrak bersama-sama,Rumah Keluarga/Pribadi
ITERA,5.27,Rumah mengontrak bersama-sama,Rumah Keluarga/Pribadi
ITERA,3.7,Kos Sendiri,Kos/Asrama
ITERA,7.9,Kos Sendiri,Kos/Asrama
ITERA,2.76,Rumah mengontrak bersama-sama,Rumah Keluarga/Pribadi
ITERA,9.41,Kos Sendiri,Kos/Asrama
ITERA,7.07,Rumah pribadi/rumah keluarga,Rumah Keluarga/Pribadi
ITERA,8.19,Rumah pribadi/rumah keluarga,Rumah Keluarga/Pribadi
ITERA,3.9,Rumah mengontrak pribadi,Rumah Keluarga/Pribadi
ITERA,3.48,Rumah mengontrak bersama-sama,Rumah Keluarga/Pribadi
ITERA,3.7,Kos Sendiri,Kos/Asrama
ITERA,3.3,Kos Sendiri,Kos/Asrama
ITERA,2.66,Rumah mengontrak bersama-sama,Rumah Keluarga/Pribadi
ITERA,3.73,Rumah mengontrak bersama-sama,Rumah Keluarga/Pribadi
ITERA,2.66,Kos Sendiri,Kos/Asrama
ITERA,3.84,Rumah mengontrak bersama-sama,Rumah Keluarga/Pribadi
ITERA,2.66,Kos Sendiri,Kos/Asrama
ITERA,5.84,Rumah mengontrak bersama-sama,Rumah Keluarga/Pribadi
ITERA,6.78,Rumah mengontrak bersama-sama,Rumah Keluarga/Pribadi
ITERA,2.11,Kos Sendiri,Kos/Asrama
ITERA,3.48,Kos Sendiri,Kos/Asrama
ITERA,3.96,Kos Sendiri,Kos/Asrama
ITERA,5.03,Rumah mengontrak bersama-sama,Rumah Keluarga/Pribadi
ITERA,3.7,Kos Sendiri,Kos/Asrama
ITERA,4.61,Kos Sendiri,Kos/Asrama
ITERA,2.24,Kos Sendiri,Kos/Asrama
ITERA,4.88,Kos Sendiri,Kos/Asrama
ITERA,4.88,Rumah mengontrak bersama-sama,Rumah Keluarga/Pribadi
ITERA,4.87,Rumah mengontrak bersama-sama,Rumah Keluarga/Pribadi
ITERA,5.03,Rumah mengontrak bersama-sama,Rumah Keluarga/Pribadi
ITERA,5.27,Kos Sendiri,Kos/Asrama
ITERA,5.27,Rumah mengontrak bersama-sama,Rumah Keluarga/Pribadi
ITERA,2.08,Rumah mengontrak bersama-sama,Rumah Keluarga/Pribadi
ITERA,2.34,Rumah mengontrak bersama-sama,Rumah Keluarga/Pribadi
ITERA,2.66,Kos Sendiri,Kos/Asrama
ITERA,3.84,Kos Sendiri,Kos/Asrama
ITERA,3.64,Kos Sendiri,Kos/Asrama
ITERA,3.17,Kos Sendiri,Kos/Asrama
ITERA,1.78,Rumah mengontrak bersama-sama,Rumah Keluarga/Pribadi
ITERA,2.24,Kos Sendiri,Kos/Asrama
ITERA,3.9,Kos Sendiri,Kos/Asrama
ITERA,5.35,Kos Sendiri,Kos/Asrama
ITERA,2.12,Rumah mengontrak bersama-sama,Rumah Keluarga/Pribadi
ITERA,3.7,Kos Sendiri,Kos/Asrama
ITERA,3.77,Kos Sendiri,Kos/Asrama
ITERA,2.79,Kos Sendiri,Kos/Asrama
ITERA,4.93,Kos Sendiri,Kos/Asrama
ITERA,5.11,Kos Sendiri,Kos/Asrama
ITERA,6.95,Kos Sendiri,Kos/Asrama
ITERA,4.75,Kos Sendiri,Kos/Asrama
ITERA,5.5,Kos Sendiri,Kos/Asrama
ITERA,5.52,Kos Sendiri,Kos/Asrama
ITERA,6.68,Rumah mengontrak bersama-sama,Rumah Keluarga/Pribadi
ITERA,2.82,Rumah mengontrak bersama-sama,Rumah Keluarga/Pribadi
ITERA,3.84,Kos Sendiri,Kos/Asrama
ITERA,3.84,Rumah mengontrak bersama-sama,Rumah Keluarga/Pribadi
ITERA,3.84,Rumah mengontrak bersama-sama,Rumah Keluarga/Pribadi
ITERA,5.01,Kos Sendiri,Kos/Asrama
ITERA,5.03,Kos Sendiri,Kos/Asrama
ITERA,8.19,Rumah mengontrak bersama-sama,Rumah Keluarga/Pribadi
ITERA,2.63,Rumah pribadi/rumah keluarga,Rumah Keluarga/Pribadi
ITERA,3.75,Kos Sendiri,Kos/Asrama
ITERA,1.85,Rumah mengontrak bersama-sama,Rumah Keluarga/Pribadi
ITERA,6.78,Kos Sendiri,Kos/Asrama
ITERA,2.24,Rumah mengontrak bersama-sama,Rumah Keluarga/Pribadi
ITERA,6.13,Kos Sendiri,Kos/Asrama
ITERA,5.17,Kos bersama-sama,Kos/Asrama
ITERA,5.52,Kos Sendiri,Kos/Asrama
ITERA,5.68,Kos bersama-sama,Kos/Asrama
ITERA,6.25,Rumah mengontrak bersama-sama,Rumah Keluarga/Pribadi
ITERA,8.7,Rumah mengontrak bersama-sama,Rumah Keluarga/Pribadi
ITERA,5.81,Rumah pribadi/rumah keluarga,Rumah Keluarga/Pribadi
ITERA,6.18,Rumah mengontrak bersama-sama,Rumah Keluarga/Pribadi
ITERA,4.97,Kos Sendiri,Kos/Asrama
ITERA,5.28,Rumah pribadi/rumah keluarga,Rumah Keluarga/Pribadi
ITERA,2.85,Kos Sendiri,Kos/Asrama
ITERA,3.73,Kos Sendiri,Kos/Asrama
ITERA,3.52,Rumah mengontrak bersama-sama,Rumah Keluarga/Pribadi
ITERA,14.01,Kos Sendiri,Kos/Asrama
ITERA,8.1,Rumah pribadi/rumah keluarga,Rumah Keluarga/Pribadi
ITERA,5.46,Rumah pribadi/rumah keluarga,Rumah Keluarga/Pribadi
ITERA,5.96,Kos Sendiri,Kos/Asrama
ITERA,5.3,Rumah mengontrak bersama-sama,Rumah Keluarga/Pribadi
ITERA,2.11,Rumah mengontrak bersama-sama,Rumah Keluarga/Pribadi
ITERA,6.52,Kos Sendiri,Kos/Asrama
ITERA,6.78,Rumah mengontrak bersama-sama,Rumah Keluarga/Pribadi
ITERA,5.13,Kos Sendiri,Kos/Asrama
ITERA,2.84,Kos Sendiri,Kos/Asrama
ITERA,6.83,Kos bersama-sama,Kos/Asrama
ITERA,6.13,Rumah mengontrak bersama-sama,Rumah Keluarga/Pribadi
ITERA,7.04,Kos Sendiri,Kos/Asrama
ITERA,9.74,Rumah pribadi/rumah keluarga,Rumah Keluarga/Pribadi
ITERA,2.91,Rumah pribadi/rumah keluarga,Rumah Keluarga/Pribadi
ITERA,8.18,Rumah mengontrak bersama-sama,Rumah Keluarga/Pribadi
ITERA,2.96,Rumah pribadi/rumah keluarga,Rumah Keluarga/Pribadi
ITERA,3.03,Rumah mengontrak bersama-sama,Rumah Keluarga/Pribadi
ITERA,6.64,Kos Sendiri,Kos/Asrama
ITERA,5.61,Rumah pribadi/rumah keluarga,Rumah Keluarga/Pribadi
ITERA,1.78,Kos Sendiri,Kos/Asrama
ITERA,5.53,Kos Sendiri,Kos/Asrama
ITERA,3.77,Rumah mengontrak bersama-sama,Rumah Keluarga/Pribadi
ITERA,6.45,Kos Sendiri,Kos/Asrama
ITERA,3.09,Rumah mengontrak bersama-sama,Rumah Keluarga/Pribadi
ITERA,2.8,Kos Sendiri,Kos/Asrama
ITERA,5.4,Kos Sendiri,Kos/Asrama
ITERA,3.77,Rumah mengontrak bersama-sama,Rumah Keluarga/Pribadi
ITERA,3.77,Kos Sendiri,Kos/Asrama
ITERA,3.77,Kos bersama-sama,Kos/Asrama
ITERA,4.88,Kos bersama-sama,Kos/Asrama
ITERA,7.43,Kos Sendiri,Kos/Asrama
ITERA,11.3,Rumah bersama saudara,Rumah Keluarga/Pribadi
ITERA,1.78,Rumah pribadi/rumah keluarga,Rumah Keluarga/Pribadi
ITERA,5.24,Kos Sendiri,Kos/Asrama
ITERA,4.75,Kos Sendiri,Kos/Asrama
ITERA,6.09,Kos Sendiri,Kos/Asrama
ITERA,4.1,Rumah pribadi/rumah keluarga,Rumah Keluarga/Pribadi
ITERA,5.11,Kos Sendiri,Kos/Asrama
ITERA,6.62,Rumah mengontrak bersama-sama,Rumah Keluarga/Pribadi
ITERA,7.03,Rumah mengontrak bersama-sama,Rumah Keluarga/Pribadi
ITERA,3.7,Rumah pribadi/rumah keluarga,Rumah Keluarga/Pribadi
ITERA,8.5,Kos Sendiri,Kos/Asrama
ITERA,5.66,Rumah pribadi/rumah keluarga,Rumah Keluarga/Pribadi
ITERA,1.78,Kos Sendiri,Kos/Asrama
ITERA,6.05,Rumah mengontrak bersama-sama,Rumah Keluarga/Pribadi
ITERA,7.65,Kos Sendiri,Kos/Asrama
ITERA,7.68,Rumah mengontrak bersama-sama,Rumah Keluarga/Pribadi
ITERA,15.57,Rumah pribadi/rumah keluarga,Rumah Keluarga/Pribadi
ITERA,4.88,Rumah pribadi/rumah keluarga,Rumah Keluarga/Pribadi
ITERA,5.82,Kos Sendiri,Kos/Asrama
ITERA,4.47,Kos Sendiri,Kos/Asrama
ITERA,4.61,Kos Sendiri,Kos/Asrama
ITERA,1.91,Rumah mengontrak bersama-sama,Rumah Keluarga/Pribadi
ITERA,5.24,Kos Sendiri,Kos/Asrama
ITERA,10.34,Rumah mengontrak bersama-sama,Rumah Keluarga/Pribadi
ITERA,8.2,Rumah mengontrak bersama-sama,Rumah Keluarga/Pribadi
ITERA,2.05,Kos Sendiri,Kos/Asrama
ITERA,3.82,Rumah mengontrak bersama-sama,Rumah Keluarga/Pribadi
ITERA,6.83,Kos Sendiri,Kos/Asrama
ITERA,3.48,Kos Sendiri,Kos/Asrama
ITERA,5.02,Kos Sendiri,Kos/Asrama
ITERA,8.28,Kos Sendiri,Kos/Asrama
ITERA,6.07,Rumah pribadi/rumah keluarga,Rumah Keluarga/Pribadi
ITERA,4.98,Rumah mengontrak bersama-sama,Rumah Keluarga/Pribadi
ITERA,4.98,Rumah mengontrak bersama-sama,Rumah Keluarga/Pribadi
ITERA,5.06,Rumah mengontrak bersama-sama,Rumah Keluarga/Pribadi
ITERA,6.59,Kos Sendiri,Kos/Asrama
ITERA,6.67,Kos Sendiri,Kos/Asrama
ITERA,5.46,Rumah mengontrak bersama-sama,Rumah Keluarga/Pribadi
ITERA,7.37,Kos Sendiri,Kos/Asrama
ITERA,6.19,Rumah pribadi/rumah keluarga,Rumah Keluarga/Pribadi
ITERA,8.54,Rumah mengontrak bersama-sama,Rumah Keluarga/Pribadi
ITERA,3.84,Rumah pribadi/rumah keluarga,Rumah Keluarga/Pribadi
ITERA,5.4,Kos Sendiri,Kos/Asrama
ITERA,4.07,Kos Sendiri,Kos/Asrama
ITERA,4.14,Kos bersama-sama,Kos/Asrama
ITERA,5.02,Rumah mengontrak bersama-sama,Rumah Keluarga/Pribadi
ITERA,9.73,Kos Sendiri,Kos/Asrama
ITERA,12.69,Rumah pribadi/rumah keluarga,Rumah Keluarga/Pribadi
ITERA,10.63,Rumah pribadi/rumah keluarga,Rumah Keluarga/Pribadi
ITERA,3.57,Rumah pribadi/rumah keluarga,Rumah Keluarga/Pribadi
ITERA,3.66,Kos Sendiri,Kos/Asrama
ITERA,3.7,Kos Sendiri,Kos/Asrama
ITERA,3.7,Kos Sendiri,Kos/Asrama
ITERA,3.7,Kos Sendiri,Kos/Asrama
ITERA,3.74,Rumah mengontrak bersama-sama,Rumah Keluarga/Pribadi
ITERA,4.79,Rumah mengontrak bersama-sama,Rumah Keluarga/Pribadi
ITERA,2.11,Kos Sendiri,Kos/Asrama
ITERA,5.93,Kos Sendiri,Kos/Asrama
ITERA,2.85,Rumah pribadi/rumah keluarga,Rumah Keluarga/Pribadi
ITERA,9.07,Kos Sendiri,Kos/Asrama
ITERA,6.18,Rumah pribadi/rumah keluarga,Rumah Keluarga/Pribadi
ITERA,2.63,Kos Sendiri,Kos/Asrama
ITERA,5.84,Kos Sendiri,Kos/Asrama
ITERA,10.52,Rumah mengontrak bersama-sama,Rumah Keluarga/Pribadi
ITERA,9.73,Rumah pribadi/rumah keluarga,Rumah Keluarga/Pribadi
ITERA,7.51,Rumah pribadi/rumah keluarga,Rumah Keluarga/Pribadi
ITERA,3.77,Rumah bersama saudara,Rumah Keluarga/Pribadi
ITERA,4.29,Kos Sendiri,Kos/Asrama
ITERA,4.75,Kos Sendiri,Kos/Asrama
ITERA,6.24,Kos Sendiri,Kos/Asrama
ITERA,5.4,Rumah mengontrak bersama-sama,Rumah Keluarga/Pribadi
ITERA,3.77,Kos Sendiri,Kos/Asrama
ITERA,13.31,Kos Sendiri,Kos/Asrama
ITERA,4.87,Rumah pribadi/rumah keluarga,Rumah Keluarga/Pribadi
ITERA,7.95,Kos Sendiri,Kos/Asrama
ITERA,5.4,Rumah bersama saudara,Rumah Keluarga/Pribadi
ITERA,4.96,Rumah mengontrak bersama-sama,Rumah Keluarga/Pribadi
ITERA,9.89,Kos Sendiri,Kos/Asrama
ITERA,3.68,Rumah bersama saudara,Rumah Keluarga/Pribadi
ITERA,2.78,Rumah mengontrak bersama-sama,Rumah Keluarga/Pribadi
ITERA,3.96,Kos Sendiri,Kos/Asrama
ITERA,1.78,Rumah bersama saudara,Rumah Keluarga/Pribadi
ITERA,2.07,Kos Sendiri,Kos/Asrama
ITERA,6.67,Kos Sendiri,Kos/Asrama
ITERA,5.08,Rumah mengontrak bersama-sama,Rumah Keluarga/Pribadi
ITERA,2.08,Rumah bersama saudara,Rumah Keluarga/Pribadi
ITERA,5.16,Kos Sendiri,Kos/Asrama
ITERA,8.19,Kos Sendiri,Kos/Asrama
ITERA,9.01,Rumah pribadi/rumah keluarga,Rumah Keluarga/Pribadi
ITERA,3.7,Rumah bersama saudara,Rumah Keluarga/Pribadi
ITERA,5.99,Kos bersama-sama,Kos/Asrama
ITERA,2.75,Rumah bersama saudara,Rumah Keluarga/Pribadi
ITERA,5.57,Kos Sendiri,Kos/Asrama
ITERA,5.29,Rumah mengontrak bersama-sama,Rumah Keluarga/Pribadi
ITERA,9.27,Rumah mengontrak bersama-sama,Rumah Keluarga/Pribadi
ITERA,5.08,Rumah pribadi/rumah keluarga,Rumah Keluarga/Pribadi
ITERA,2.78,Kos Sendiri,Kos/Asrama
ITERA,2.79,Kos Sendiri,Kos/Asrama
ITERA,2.08,Rumah bersama saudara,Rumah Keluarga/Pribadi
ITERA,2.08,Kos Sendiri,Kos/Asrama
ITERA,5.14,Kos Sendiri,Kos/Asrama
ITERA,3.77,Kos bersama-sama,Kos/Asrama
ITERA,5.8,Kos Sendiri,Kos/Asrama
ITERA,3.52,Rumah pribadi/rumah keluarga,Rumah Keluarga/Pribadi
ITERA,2.78,Rumah mengontrak bersama-sama,Rumah Keluarga/Pribadi
ITERA,5.8,Kos Sendiri,Kos/Asrama
ITERA,6.86,Rumah mengontrak bersama-sama,Rumah Keluarga/Pribadi
ITERA,6.62,Rumah mengontrak bersama-sama,Rumah Keluarga/Pribadi
ITERA,4.85,Kos Sendiri,Kos/Asrama
ITERA,2.39,Rumah pribadi/rumah keluarga,Rumah Keluarga/Pribadi
ITERA,6.5,Kos Sendiri,Kos/Asrama
ITERA,2.91,Rumah bersama saudara,Rumah Keluarga/Pribadi
ITERA,2.78,Kos Sendiri,Kos/Asrama
ITERA,3.77,Kos Sendiri,Kos/Asrama
ITERA,4.03,Kos Sendiri,Kos/Asrama
ITERA,5.4,Kos Sendiri,Kos/Asrama
ITERA,3.57,Rumah mengontrak bersama-sama,Rumah Keluarga/Pribadi
ITERA,5.24,Kos Sendiri,Kos/Asrama
ITERA,7.13,Rumah mengontrak bersama-sama,Rumah Keluarga/Pribadi
ITERA,5.84,Rumah pribadi/rumah keluarga,Rumah Keluarga/Pribadi
ITERA,2.87,Rumah mengontrak bersama-sama,Rumah Keluarga/Pribadi
ITERA,6.52,Kos Sendiri,Kos/Asrama
ITERA,4.88,Rumah mengontrak bersama-sama,Rumah Keluarga/Pribadi
ITERA,4.88,Kos bersama-sama,Kos/Asrama
ITERA,8.19,Kos bersama-sama,Kos/Asrama
ITERA,2.96,Rumah pribadi/rumah keluarga,Rumah Keluarga/Pribadi
ITERA,0.72,Kos Sendiri,Kos/Asrama
ITERA,2.78,Asrama,Kos/Asrama
ITERA,0.72,Kos bersama-sama,Kos/Asrama
ITERA,8.62,Asrama,Kos/Asrama
ITERA,6.73,Rumah mengontrak bersama-sama,Rumah Keluarga/Pribadi
ITERA,6.03,Kos Sendiri,Kos/Asrama
ITERA,3.77,Rumah mengontrak bersama-sama,Rumah Keluarga/Pribadi
ITERA,0.72,Kos Sendiri,Kos/Asrama
ITERA,5.19,Asrama,Kos/Asrama
ITERA,8.62,Rumah mengontrak bersama-sama,Rumah Keluarga/Pribadi
ITERA,3.82,Rumah pribadi/rumah keluarga,Rumah Keluarga/Pribadi
ITERA,3.68,Kos Sendiri,Kos/Asrama
ITERA,1.78,Kos bersama-sama,Kos/Asrama
ITERA,6.99,Kos Sendiri,Kos/Asrama
ITERA,4.75,Rumah bersama saudara,Rumah Keluarga/Pribadi
ITERA,4.75,Kos bersama-sama,Kos/Asrama
ITERA,8.76,Kos bersama-sama,Kos/Asrama
ITERA,6.68,Rumah bersama saudara,Rumah Keluarga/Pribadi
ITERA,1.78,Rumah mengontrak bersama-sama,Rumah Keluarga/Pribadi
ITERA,6.33,Kos Sendiri,Kos/Asrama
ITERA,2.66,Rumah bersama saudara,Rumah Keluarga/Pribadi
ITERA,10.48,Kos Sendiri,Kos/Asrama
ITERA,3.09,Rumah pribadi/rumah keluarga,Rumah Keluarga/Pribadi
ITERA,7.22,Kos Sendiri,Kos/Asrama
ITERA,4.85,Rumah bersama saudara,Rumah Keluarga/Pribadi
ITERA,2.78,Kos Sendiri,Kos/Asrama
ITERA,5.14,Kos Sendiri,Kos/Asrama
ITERA,5.24,Kos bersama-sama,Kos/Asrama
ITERA,3.03,Rumah mengontrak bersama-sama,Rumah Keluarga/Pribadi
ITERA,2.05,Kos bersama-sama,Kos/Asrama
ITERA,1.79,Kos Sendiri,Kos/Asrama
ITERA,2.89,Asrama,Kos/Asrama
ITERA,0.72,Kos Sendiri,Kos/Asrama
ITERA,7.12,Asrama,Kos/Asrama
ITERA,7.04,Rumah pribadi/rumah keluarga,Rumah Keluarga/Pribadi
ITERA,3.57,Rumah pribadi/rumah keluarga,Rumah Keluarga/Pribadi
ITERA,3.87,Kos Sendiri,Kos/Asrama
ITERA,7.82,Rumah mengontrak bersama-sama,Rumah Keluarga/Pribadi
ITERA,5.57,Rumah bersama saudara,Rumah Keluarga/Pribadi
ITERA,5.29,Kos Sendiri,Kos/Asrama
ITERA,2.78,Rumah mengontrak bersama-sama,Rumah Keluarga/Pribadi
ITERA,3.57,Kos Sendiri,Kos/Asrama
ITERA,1.78,Rumah mengontrak bersama-sama,Rumah Keluarga/Pribadi
ITERA,7.13,Kos Sendiri,Kos/Asrama
ITERA,2.12,Rumah pribadi/rumah keluarga,Rumah Keluarga/Pribadi
ITERA,3.7,Kos Sendiri,Kos/Asrama
ITERA,5.02,Kos Sendiri,Kos/Asrama
ITERA,2.75,Rumah mengontrak bersama-sama,Rumah Keluarga/Pribadi
ITERA,5.4,Kos Sendiri,Kos/Asrama
ITERA,5.68,Kos Sendiri,Kos/Asrama
ITERA,5.68,Kos bersama-sama,Kos/Asrama
ITERA,3.77,Kos Sendiri,Kos/Asrama
ITERA,6.41,Kos Sendiri,Kos/Asrama
ITERA,5.8,Kos Sendiri,Kos/Asrama
ITERA,5.26,Rumah bersama saudara,Rumah Keluarga/Pribadi
ITERA,8.08,Kos Sendiri,Kos/Asrama
ITERA,4.75,Kos bersama-sama,Kos/Asrama
ITERA,6.95,Kos Sendiri,Kos/Asrama
ITERA,3.53,Kos Sendiri,Kos/Asrama
ITERA,1.78,Rumah mengontrak bersama-sama,Rumah Keluarga/Pribadi
ITERA,2.85,Kos Sendiri,Kos/Asrama
ITERA,5.11,Kos Sendiri,Kos/Asrama
ITERA,3.7,Rumah mengontrak bersama-sama,Rumah Keluarga/Pribadi
ITERA,5.61,Kos Sendiri,Kos/Asrama
ITERA,0.44,Rumah mengontrak bersama-sama,Rumah Keluarga/Pribadi
ITERA,0.44,Asrama,Kos/Asrama
ITERA,2.85,Asrama,Kos/Asrama
ITERA,0.22,Kos Sendiri,Kos/Asrama
ITERA,5.24,Asrama,Kos/Asrama
ITERA,4.81,Kos Sendiri,Kos/Asrama
ITERA,6.5,Kos Sendiri,Kos/Asrama
ITERA,2.66,Rumah mengontrak bersama-sama,Rumah Keluarga/Pribadi
ITERA,5.95,Kos Sendiri,Kos/Asrama
ITERA,3.98,Rumah mengontrak bersama-sama,Rumah Keluarga/Pribadi
ITERA,3.77,Rumah mengontrak bersama-sama,Rumah Keluarga/Pribadi
ITERA,5.61,Kos Sendiri,Kos/Asrama
ITERA,5.61,Rumah mengontrak bersama-sama,Rumah Keluarga/Pribadi
ITERA,3.66,Rumah mengontrak bersama-sama,Rumah Keluarga/Pribadi
ITERA,5.54,Kos bersama-sama,Kos/Asrama
ITERA,3.74,Rumah bersama saudara,Rumah Keluarga/Pribadi
ITERA,1.78,Kos Sendiri,Kos/Asrama
ITERA,3.48,Kos Sendiri,Kos/Asrama
ITERA,2.79,Kos Sendiri,Kos/Asrama
ITERA,2.89,Kos bersama-sama,Kos/Asrama
ITERA,3.77,Kos Sendiri,Kos/Asrama
ITERA,0.39,Kos Sendiri,Kos/Asrama
ITERA,2.12,Asrama,Kos/Asrama
ITERA,1.78,Kos bersama-sama,Kos/Asrama
ITERA,5.14,Kos Sendiri,Kos/Asrama
ITERA,5.23,Kos Sendiri,Kos/Asrama
ITERA,3.03,Rumah bersama saudara,Rumah Keluarga/Pribadi
ITERA,0.44,Kos bersama-sama,Kos/Asrama
ITERA,1.78,Asrama,Kos/Asrama
ITERA,4.14,Kos Sendiri,Kos/Asrama
ITERA,3.7,Kos Sendiri,Kos/Asrama
ITERA,0.34,Kos Sendiri,Kos/Asrama
ITERA,2.75,Asrama,Kos/Asrama
ITERA,2.08,Kos Sendiri,Kos/Asrama
ITERA,3.57,Kos Sendiri,Kos/Asrama
ITERA,3.77,Rumah mengontrak bersama-sama,Rumah Keluarga/Pribadi
ITERA,3.57,Kos Sendiri,Kos/Asrama
ITERA,8.01,Kos Sendiri,Kos/Asrama
ITERA,3.16,Rumah pribadi/rumah keluarga,Rumah Keluarga/Pribadi
ITERA,2.78,Kos Sendiri,Kos/Asrama
ITERA,5.09,Kos Sendiri,Kos/Asrama
ITERA,3.58,Rumah pribadi/rumah keluarga,Rumah Keluarga/Pribadi
ITERA,3.77,Rumah mengontrak bersama-sama,Rumah Keluarga/Pribadi
ITERA,3.09,Kos Sendiri,Kos/Asrama
ITERA,6.95,Rumah mengontrak bersama-sama,Rumah Keluarga/Pribadi
UNILA,5.2,Rumah bersama saudara,Rumah Keluarga/Pribadi
UNILA,1.3,Kos sendiri,Kos/Asrama
UNILA,3.8,Rumah pribadi/rumah keluarga,Rumah Keluarga/Pribadi
UNILA,3.8,Rumah pribadi/rumah keluarga,Rumah Keluarga/Pribadi
UNILA,3.8,Rumah pribadi/rumah keluarga,Rumah Keluarga/Pribadi
UNILA,7.5,Rumah pribadi/rumah keluarga,Rumah Keluarga/Pribadi
UNILA,6.4,Rumah pribadi/rumah keluarga,Rumah Keluarga/Pribadi
UNILA,6.4,Rumah pribadi/rumah keluarga,Rumah Keluarga/Pribadi
UNILA,5.4,Rumah pribadi/rumah keluarga,Rumah Keluarga/Pribadi
UNILA,1.1,Kos sendiri,Kos/Asrama
UNILA,7.7,Rumah pribadi/rumah keluarga,Rumah Keluarga/Pribadi
UNILA,2.2,Rumah pribadi/rumah keluarga,Rumah Keluarga/Pribadi
UNILA,4.6,Rumah pribadi/rumah keluarga,Rumah Keluarga/Pribadi
UNILA,4.1,Rumah pribadi/rumah keluarga,Rumah Keluarga/Pribadi
UNILA,7.3,Rumah pribadi/rumah keluarga,Rumah Keluarga/Pribadi
UNILA,1.3,Kos sendiri,Kos/Asrama
UNILA,1.3,Kos sendiri,Kos/Asrama
UNILA,6.4,Rumah pribadi/rumah keluarga,Rumah Keluarga/Pribadi
UNILA,0.4,Rumah ngontrak bersama-sama,Rumah Keluarga/Pribadi
UNILA,5,Rumah pribadi/rumah keluarga,Rumah Keluarga/Pribadi
UNILA,1.9,Kos sendiri,Kos/Asrama
UNILA,2.2,Rumah pribadi/rumah keluarga,Rumah Keluarga/Pribadi
UNILA,0.4,Kos sendiri,Kos/Asrama
UNILA,3.8,Rumah pribadi/rumah keluarga,Rumah Keluarga/Pribadi
UNILA,1.9,Kos sendiri,Kos/Asrama
UNILA,6.8,Rumah pribadi/rumah keluarga,Rumah Keluarga/Pribadi
UNILA,6.8,Kos sendiri,Kos/Asrama
UNILA,3.3,Rumah pribadi/rumah keluarga,Rumah Keluarga/Pribadi
UNILA,8.5,Rumah pribadi/rumah keluarga,Rumah Keluarga/Pribadi
UNILA,6.5,Rumah pribadi/rumah keluarga,Rumah Keluarga/Pribadi
UNILA,1.5,Rumah pribadi/rumah keluarga,Rumah Keluarga/Pribadi
UNILA,0.7,Kos sendiri,Kos/Asrama
UNILA,3.9,Rumah bersama saudara,Rumah Keluarga/Pribadi
UNILA,4.1,Rumah pribadi/rumah keluarga,Rumah Keluarga/Pribadi
UNILA,2,Rumah pribadi/rumah keluarga,Rumah Keluarga/Pribadi
UNILA,4.1,Kos sendiri,Kos/Asrama
UNILA,8.4,Rumah pribadi/rumah keluarga,Rumah Keluarga/Pribadi
UNILA,2.3,Rumah pribadi/rumah keluarga,Rumah Keluarga/Pribadi
UNILA,7.5,Rumah pribadi/rumah keluarga,Rumah Keluarga/Pribadi
UNILA,0.8,Kos sendiri,Kos/Asrama
UNILA,3.9,Kos sendiri,Kos/Asrama
UNILA,0.2,Kos sendiri,Kos/Asrama
UNILA,3.4,Rumah pribadi/rumah keluarga,Rumah Keluarga/Pribadi
UNILA,1.9,Rumah pribadi/rumah keluarga,Rumah Keluarga/Pribadi
UNILA,0.2,Kos sendiri,Kos/Asrama
UNILA,10.9,Rumah pribadi/rumah keluarga,Rumah Keluarga/Pribadi
UNILA,3.3,Rumah bersama saudara,Rumah Keluarga/Pribadi
UNILA,3.5,Rumah bersama saudara,Rumah Keluarga/Pribadi
UNILA,1.4,Rumah pribadi/rumah keluarga,Rumah Keluarga/Pribadi
UNILA,5.2,Rumah pribadi/rumah keluarga,Rumah Keluarga/Pribadi
UNILA,3,Rumah ngontrak bersama-sama,Rumah Keluarga/Pribadi
UNILA,9.1,Rumah pribadi/rumah keluarga,Rumah Keluarga/Pribadi
UNILA,1.1,Kos sendiri,Kos/Asrama
UNILA,0.8,Kos sendiri,Kos/Asrama
UNILA,2.8,Rumah pribadi/rumah keluarga,Rumah Keluarga/Pribadi
UNILA,4.7,Rumah bersama saudara,Rumah Keluarga/Pribadi
UNILA,10.5,Rumah pribadi/rumah keluarga,Rumah Keluarga/Pribadi
UNILA,0.8,Kos sendiri,Kos/Asrama
UNILA,9.3,Rumah pribadi/rumah keluarga,Rumah Keluarga/Pribadi
UNILA,0.9,Kos sendiri,Kos/Asrama
UNILA,1.8,Rumah pribadi/rumah keluarga,Rumah Keluarga/Pribadi
UNILA,2,Rumah ngontrak bersama-sama,Rumah Keluarga/Pribadi
UNILA,0.6,Rumah ngontrak bersama-sama,Rumah Keluarga/Pribadi
UNILA,0.6,Kos sendiri,Kos/Asrama
UNILA,1,Kos sendiri,Kos/Asrama
UNILA,7.6,Rumah pribadi/rumah keluarga,Rumah Keluarga/Pribadi
UNILA,7.6,Rumah pribadi/rumah keluarga,Rumah Keluarga/Pribadi
UNILA,1,Kos sendiri,Kos/Asrama
UNILA,2.1,Rumah pribadi/rumah keluarga,Rumah Keluarga/Pribadi
UNILA,1.8,Rumah pribadi/rumah keluarga,Rumah Keluarga/Pribadi
UNILA,5.4,Rumah pribadi/rumah keluarga,Rumah Keluarga/Pribadi
UNILA,5.7,Rumah pribadi/rumah keluarga,Rumah Keluarga/Pribadi
UNILA,7.4,Rumah bersama saudara,Rumah Keluarga/Pribadi
UNILA,1,Kos sendiri,Kos/Asrama
UNILA,3.6,Rumah bersama saudara,Rumah Keluarga/Pribadi
UNILA,0.9,Kos sendiri,Kos/Asrama
UNILA,3.6,Rumah pribadi/rumah keluarga,Rumah Keluarga/Pribadi
UNILA,1,Kos sendiri,Kos/Asrama
UNILA,3.9,Rumah pribadi/rumah keluarga,Rumah Keluarga/Pribadi
UNILA,1.7,Rumah pribadi/rumah keluarga,Rumah Keluarga/Pribadi
UNILA,2.3,Rumah pribadi/rumah keluarga,Rumah Keluarga/Pribadi
UNILA,3.9,Rumah pribadi/rumah keluarga,Rumah Keluarga/Pribadi
UNILA,0.6,Rumah ngontrak bersama-sama,Rumah Keluarga/Pribadi
UNILA,1,Kos sendiri,Kos/Asrama
UNILA,1,Kos sendiri,Kos/Asrama
UNILA,1,Kos sendiri,Kos/Asrama
UNILA,1,Kos sendiri,Kos/Asrama
UNILA,1,Kos sendiri,Kos/Asrama
UNILA,1,Kos sendiri,Kos/Asrama
UNILA,7,Rumah bersama saudara,Rumah Keluarga/Pribadi
UNILA,0.7,Kos sendiri,Kos/Asrama
UNILA,0.8,Kos sendiri,Kos/Asrama
UNILA,1,Kos sendiri,Kos/Asrama
UNILA,4,Rumah pribadi/rumah keluarga,Rumah Keluarga/Pribadi
UNILA,3.9,Rumah pribadi/rumah keluarga,Rumah Keluarga/Pribadi
UNILA,1,Kos sendiri,Kos/Asrama
UNILA,1.8,Rumah pribadi/rumah keluarga,Rumah Keluarga/Pribadi
UNILA,1,Kos sendiri,Kos/Asrama
UNILA,1,Kos bersama-sama,Kos/Asrama
UNILA,1,Kos sendiri,Kos/Asrama
UNILA,1,Kos sendiri,Kos/Asrama
UNILA,5.2,Rumah pribadi/rumah keluarga,Rumah Keluarga/Pribadi
UNILA,5,Rumah pribadi/rumah keluarga,Rumah Keluarga/Pribadi
UNILA,7.3,Rumah pribadi/rumah keluarga,Rumah Keluarga/Pribadi
UNILA,1,Kos sendiri,Kos/Asrama
UNILA,2.2,Rumah pribadi/rumah keluarga,Rumah Keluarga/Pribadi
UNILA,1,Kos sendiri,Kos/Asrama
UNILA,6.2,Rumah pribadi/rumah keluarga,Rumah Keluarga/Pribadi
UNILA,6.9,Rumah bersama saudara,Rumah Keluarga/Pribadi
UNILA,4,Rumah pribadi/rumah keluarga,Rumah Keluarga/Pribadi
UNILA,4.1,Rumah pribadi/rumah keluarga,Rumah Keluarga/Pribadi
UNILA,4.4,Rumah pribadi/rumah keluarga,Rumah Keluarga/Pribadi
UNILA,4.4,Rumah pribadi/rumah keluarga,Rumah Keluarga/Pribadi
UNILA,1.8,Rumah pribadi/rumah keluarga,Rumah Keluarga/Pribadi
UNILA,5,Rumah pribadi/rumah keluarga,Rumah Keluarga/Pribadi
UNILA,5,Rumah pribadi/rumah keluarga,Rumah Keluarga/Pribadi
UNILA,5.3,Rumah pribadi/rumah keluarga,Rumah Keluarga/Pribadi
UNILA,7.3,Rumah pribadi/rumah keluarga,Rumah Keluarga/Pribadi
UNILA,5.3,Rumah pribadi/rumah keluarga,Rumah Keluarga/Pribadi
UNILA,1.9,Rumah pribadi/rumah keluarga,Rumah Keluarga/Pribadi
UNILA,1.7,Rumah pribadi/rumah keluarga,Rumah Keluarga/Pribadi
UNILA,3.1,Rumah pribadi/rumah keluarga,Rumah Keluarga/Pribadi
UNILA,2.7,Rumah pribadi/rumah keluarga,Rumah Keluarga/Pribadi
UNILA,3.3,Rumah pribadi/rumah keluarga,Rumah Keluarga/Pribadi
UNILA,3.8,Rumah pribadi/rumah keluarga,Rumah Keluarga/Pribadi
UNILA,2.1,Rumah pribadi/rumah keluarga,Rumah Keluarga/Pribadi
UNILA,6.2,Rumah pribadi/rumah keluarga,Rumah Keluarga/Pribadi
UNILA,7.5,Rumah pribadi/rumah keluarga,Rumah Keluarga/Pribadi
UNILA,2.2,Rumah pribadi/rumah keluarga,Rumah Keluarga/Pribadi
UNILA,0.8,Kos sendiri,Kos/Asrama
UNILA,0.8,Kos sendiri,Kos/Asrama
UNILA,0.8,Kos sendiri,Kos/Asrama
UNILA,0.8,Kos sendiri,Kos/Asrama
UNILA,0.8,Kos sendiri,Kos/Asrama
UNILA,0.8,Kos sendiri,Kos/Asrama
UNILA,7.7,Rumah ngontrak pribadi,Rumah Keluarga/Pribadi
UNILA,1,Rumah bersama saudara,Rumah Keluarga/Pribadi
UNILA,1.6,Rumah pribadi/rumah keluarga,Rumah Keluarga/Pribadi
UNILA,1.8,Rumah bersama saudara,Rumah Keluarga/Pribadi
UNILA,6.5,Rumah pribadi/rumah keluarga,Rumah Keluarga/Pribadi
UNILA,5.3,Rumah bersama saudara,Rumah Keluarga/Pribadi
UNILA,5,Rumah bersama saudara,Rumah Keluarga/Pribadi
UNILA,10.8,Rumah ngontrak bersama-sama,Rumah Keluarga/Pribadi
UNILA,1.6,Rumah pribadi/rumah keluarga,Rumah Keluarga/Pribadi
UNILA,1.1,Rumah ngontrak bersama-sama,Rumah Keluarga/Pribadi
UNILA,1.9,Kos bersama-sama,Kos/Asrama
UNILA,0.8,Rumah ngontrak pribadi,Rumah Keluarga/Pribadi
UNILA,0.6,Kos bersama-sama,Kos/Asrama
UNILA,0.8,Kos sendiri,Kos/Asrama
UNILA,0.8,Kos bersama-sama,Kos/Asrama
UNILA,2,Kos bersama-sama,Kos/Asrama
UNILA,0.2,Rumah ngontrak pribadi,Rumah Keluarga/Pribadi
UNILA,5.2,Rumah pribadi/rumah keluarga,Rumah Keluarga/Pribadi
UNILA,6.5,Rumah bersama saudara,Rumah Keluarga/Pribadi
UNILA,3.6,Rumah bersama saudara,Rumah Keluarga/Pribadi
UNILA,7.4,Rumah pribadi/rumah keluarga,Rumah Keluarga/Pribadi
UNILA,10.8,Rumah pribadi/rumah keluarga,Rumah Keluarga/Pribadi
UNILA,3.1,Rumah pribadi/rumah keluarga,Rumah Keluarga/Pribadi
UNILA,2.3,Rumah bersama saudara,Rumah Keluarga/Pribadi
UNILA,3.6,Rumah pribadi/rumah keluarga,Rumah Keluarga/Pribadi
UNILA,1,Kos sendiri,Kos/Asrama
UNILA,0.4,Rumah ngontrak bersama-sama,Rumah Keluarga/Pribadi
UNILA,1,Kos bersama-sama,Kos/Asrama
UNILA,10.5,Rumah pribadi/rumah keluarga,Rumah Keluarga/Pribadi
UNILA,10.5,Rumah pribadi/rumah keluarga,Rumah Keluarga/Pribadi
UNILA,3.8,Kos bersama-sama,Kos/Asrama
UNILA,3.8,Rumah pribadi/rumah keluarga,Rumah Keluarga/Pribadi
UNILA,1,Rumah ngontrak bersama-sama,Rumah Keluarga/Pribadi
UNILA,1,Rumah ngontrak pribadi,Rumah Keluarga/Pribadi
UNILA,0.8,Kos bersama-sama,Kos/Asrama
UNILA,6.5,Rumah bersama saudara,Rumah Keluarga/Pribadi
UNILA,0.8,Rumah ngontrak bersama-sama,Rumah Keluarga/Pribadi
UNILA,1,Kos sendiri,Kos/Asrama
UNILA,1,Rumah ngontrak bersama-sama,Rumah Keluarga/Pribadi
UNILA,0.8,Rumah ngontrak pribadi,Rumah Keluarga/Pribadi
UNILA,1,Kos sendiri,Kos/Asrama
UNILA,3.4,Rumah pribadi/rumah keluarga,Rumah Keluarga/Pribadi
UNILA,1,Rumah ngontrak bersama-sama,Rumah Keluarga/Pribadi
UNILA,1.3,Kos bersama-sama,Kos/Asrama
UNILA,0.8,Rumah ngontrak bersama-sama,Rumah Keluarga/Pribadi
UNILA,5.3,Rumah pribadi/rumah keluarga,Rumah Keluarga/Pribadi
UNILA,0.2,Kos sendiri,Kos/Asrama
UNILA,3.3,Rumah bersama saudara,Rumah Keluarga/Pribadi
UNILA,1,Rumah ngontrak bersama-sama,Rumah Keluarga/Pribadi
UNILA,7.5,Rumah pribadi/rumah keluarga,Rumah Keluarga/Pribadi
UNILA,4.2,Rumah bersama saudara,Rumah Keluarga/Pribadi
UNILA,5.3,Rumah bersama saudara,Rumah Keluarga/Pribadi
UNILA,1,Kos bersama-sama,Kos/Asrama
UNILA,3.8,Rumah bersama saudara,Rumah Keluarga/Pribadi
UNILA,2.5,Rumah ngontrak pribadi,Rumah Keluarga/Pribadi
UNILA,2.5,Rumah ngontrak bersama-sama,Rumah Keluarga/Pribadi
UNILA,0.6,Rumah ngontrak pribadi,Rumah Keluarga/Pribadi
UNILA,1,Kos bersama-sama,Kos/Asrama
UNILA,0.6,Rumah ngontrak pribadi,Rumah Keluarga/Pribadi
UNILA,5,Rumah pribadi/rumah keluarga,Rumah Keluarga/Pribadi
UNILA,0.8,Kos sendiri,Kos/Asrama
UNILA,7.5,Rumah bersama saudara,Rumah Keluarga/Pribadi
UNILA,0.7,Kos bersama-sama,Kos/Asrama
UNILA,0.6,Rumah ngontrak bersama-sama,Rumah Keluarga/Pribadi
UNILA,1,Kos bersama-sama,Kos/Asrama
UNILA,0.4,Rumah ngontrak bersama-sama,Rumah Keluarga/Pribadi
UNILA,1,Kos sendiri,Kos/Asrama
UNILA,1,Kos sendiri,Kos/Asrama
UNILA,0.6,Rumah ngontrak bersama-sama,Rumah Keluarga/Pribadi
UNILA,1,Kos sendiri,Kos/Asrama
UNILA,3.2,Rumah bersama saudara,Rumah Keluarga/Pribadi
UNILA,1,Kos sendiri,Kos/Asrama
UNILA,0.6,Rumah ngontrak bersama-sama,Rumah Keluarga/Pribadi
UNILA,3.5,Rumah bersama saudara,Rumah Keluarga/Pribadi
UNILA,1,Kos sendiri,Kos/Asrama
UNILA,0.6,Rumah ngontrak bersama-sama,Rumah Keluarga/Pribadi
UNILA,2,Rumah ngontrak bersama-sama,Rumah Keluarga/Pribadi
UNILA,1,Kos sendiri,Kos/Asrama
UNILA,2.2,Rumah bersama saudara,Rumah Keluarga/Pribadi
UNILA,2,Rumah ngontrak pribadi,Rumah Keluarga/Pribadi
UNILA,0.8,Kos bersama-sama,Kos/Asrama
UNILA,4.7,Rumah bersama saudara,Rumah Keluarga/Pribadi
UNILA,1,Kos bersama-sama,Kos/Asrama
UNILA,0.6,Rumah ngontrak bersama-sama,Rumah Keluarga/Pribadi
UNILA,0.4,Rumah ngontrak bersama-sama,Rumah Keluarga/Pribadi
UNILA,7.7,Rumah bersama saudara,Rumah Keluarga/Pribadi
UNILA,0.7,Kos sendiri,Kos/Asrama
UNILA,0.6,Rumah ngontrak pribadi,Rumah Keluarga/Pribadi
UNILA,1.8,Rumah bersama saudara,Rumah Keluarga/Pribadi
UNILA,3.2,Rumah pribadi/rumah keluarga,Rumah Keluarga/Pribadi
UNILA,0.6,Rumah ngontrak bersama-sama,Rumah Keluarga/Pribadi
UNILA,2.7,Rumah bersama saudara,Rumah Keluarga/Pribadi
UNILA,1,Kos bersama-sama,Kos/Asrama
UNILA,1,Kos bersama-sama,Kos/Asrama
UNILA,1,Kos bersama-sama,Kos/Asrama
UNILA,1,Rumah ngontrak pribadi,Rumah Keluarga/Pribadi
UNILA,1,Kos sendiri,Kos/Asrama
UNILA,1,Kos bersama-sama,Kos/Asrama
UNILA,0.7,Kos sendiri,Kos/Asrama
UNILA,2.2,Rumah pribadi/rumah keluarga,Rumah Keluarga/Pribadi
UNILA,4.7,Rumah bersama saudara,Rumah Keluarga/Pribadi
UNILA,1,Kos bersama-sama,Kos/Asrama
UNILA,0.6,Rumah ngontrak pribadi,Rumah Keluarga/Pribadi
UNILA,0.4,Rumah ngontrak pribadi,Rumah Keluarga/Pribadi
UNILA,2,Rumah ngontrak pribadi,Rumah Keluarga/Pribadi
UNILA,0.7,Kos sendiri,Kos/Asrama
UNILA,1.7,Rumah pribadi/rumah keluarga,Rumah Keluarga/Pribadi
UNILA,1.7,Rumah pribadi/rumah keluarga,Rumah Keluarga/Pribadi
UNILA,0.8,Rumah ngontrak bersama-sama,Rumah Keluarga/Pribadi
UNILA,7.5,Rumah pribadi/rumah keluarga,Rumah Keluarga/Pribadi
UNILA,0.4,Rumah ngontrak pribadi,Rumah Keluarga/Pribadi
UNILA,3.9,Rumah pribadi/rumah keluarga,Rumah Keluarga/Pribadi
UNILA,0.6,Rumah ngontrak pribadi,Rumah Keluarga/Pribadi
UNILA,6.4,Rumah bersama saudara,Rumah Keluarga/Pribadi
UNILA,4.1,Rumah pribadi/rumah keluarga,Rumah Keluarga/Pribadi
UNILA,4.7,Rumah pribadi/rumah keluarga,Rumah Keluarga/Pribadi
UNILA,1,Kos sendiri,Kos/Asrama
UNILA,1,Kos bersama-sama,Kos/Asrama
UNILA,1,Kos sendiri,Kos/Asrama
UNILA,1,Rumah bersama saudara,Rumah Keluarga/Pribadi
UNILA,1,Kos bersama-sama,Kos/Asrama
UNILA,5.2,Rumah pribadi/rumah keluarga,Rumah Keluarga/Pribadi
UNILA,2.5,Rumah ngontrak pribadi,Rumah Keluarga/Pribadi
UNILA,2.5,Kos sendiri,Kos/Asrama
UNILA,2,Rumah ngontrak bersama-sama,Rumah Keluarga/Pribadi
UNILA,2,Rumah ngontrak bersama-sama,Rumah Keluarga/Pribadi
UNILA,0.6,Rumah ngontrak pribadi,Rumah Keluarga/Pribadi
UNILA,2,Rumah ngontrak bersama-sama,Rumah Keluarga/Pribadi
UNILA,1,Kos bersama-sama,Kos/Asrama
UNILA,5.2,Rumah bersama saudara,Rumah Keluarga/Pribadi
UNILA,1,Kos sendiri,Kos/Asrama
UNILA,1,Kos bersama-sama,Kos/Asrama
UNILA,5.4,Rumah bersama saudara,Rumah Keluarga/Pribadi
UNILA,1,Kos bersama-sama,Kos/Asrama
UNILA,3.9,Rumah pribadi/rumah keluarga,Rumah Keluarga/Pribadi
UNILA,1,Kos bersama-sama,Kos/Asrama
UNILA,1,Kos sendiri,Kos/Asrama
UNILA,1,Kos sendiri,Kos/Asrama
UNILA,2,Rumah ngontrak pribadi,Rumah Keluarga/Pribadi
UNILA,2.5,Rumah ngontrak pribadi,Rumah Keluarga/Pribadi
UNILA,1,Kos sendiri,Kos/Asrama
UNILA,5.2,Rumah pribadi/rumah keluarga,Rumah Keluarga/Pribadi
UNILA,5,Rumah bersama saudara,Rumah Keluarga/Pribadi
UNILA,1,Kos bersama-sama,Kos/Asrama
UNILA,6.9,Rumah pribadi/rumah keluarga,Rumah Keluarga/Pribadi
UNILA,4.9,Kos sendiri,Kos/Asrama
UNILA,0.6,Rumah ngontrak pribadi,Rumah Keluarga/Pribadi
UNILA,3.6,Rumah bersama saudara,Rumah Keluarga/Pribadi
UNILA,1.6,Kos sendiri,Kos/Asrama
UNILA,1,Kos bersama-sama,Kos/Asrama
UNILA,3.2,Rumah pribadi/rumah keluarga,Rumah Keluarga/Pribadi
UNILA,10.8,Rumah bersama saudara,Rumah Keluarga/Pribadi
UNILA,10.8,Rumah bersama saudara,Rumah Keluarga/Pribadi
UNILA,1,Kos sendiri,Kos/Asrama
UNILA,7.3,Rumah pribadi/rumah keluarga,Rumah Keluarga/Pribadi
UNILA,5.2,Rumah bersama saudara,Rumah Keluarga/Pribadi
UNILA,2.3,Rumah pribadi/rumah keluarga,Rumah Keluarga/Pribadi
UNILA,0.4,Rumah ngontrak pribadi,Rumah Keluarga/Pribadi
UNILA,5.2,Rumah pribadi/rumah keluarga,Rumah Keluarga/Pribadi
UNILA,5.2,Rumah bersama saudara,Rumah Keluarga/Pribadi
UNILA,0.6,Rumah ngontrak pribadi,Rumah Keluarga/Pribadi
UNILA,0.6,Rumah bersama saudara,Rumah Keluarga/Pribadi
UNILA,0.6,Rumah ngontrak pribadi,Rumah Keluarga/Pribadi
UNILA,1,Kos bersama-sama,Kos/Asrama
UNILA,0.2,Kos bersama-sama,Kos/Asrama
UNILA,4.7,Rumah pribadi/rumah keluarga,Rumah Keluarga/Pribadi
UNILA,0.6,Kos sendiri,Kos/Asrama
UNILA,1,Kos bersama-sama,Kos/Asrama
UNILA,0.4,Rumah ngontrak bersama-sama,Rumah Keluarga/Pribadi
UNILA,2.5,Rumah ngontrak bersama-sama,Rumah Keluarga/Pribadi
UNILA,5.2,Rumah bersama saudara,Rumah Keluarga/Pribadi
UNILA,0.4,Rumah ngontrak pribadi,Rumah Keluarga/Pribadi
UNILA,1,Kos bersama-sama,Kos/Asrama
UNILA,7.5,Rumah pribadi/rumah keluarga,Rumah Keluarga/Pribadi
UNILA,7.4,Rumah bersama saudara,Rumah Keluarga/Pribadi
UNILA,1,Kos sendiri,Kos/Asrama
UNILA,2,Rumah ngontrak pribadi,Rumah Keluarga/Pribadi
UNILA,0.6,Rumah ngontrak pribadi,Rumah Keluarga/Pribadi
UNILA,1,Kos bersama-sama,Kos/Asrama
UNILA,2.5,Rumah ngontrak bersama-sama,Rumah Keluarga/Pribadi
UNILA,2.5,Rumah ngontrak pribadi,Rumah Keluarga/Pribadi
UNILA,3.9,Rumah pribadi/rumah keluarga,Rumah Keluarga/Pribadi
UNILA,4.1,Rumah bersama saudara,Rumah Keluarga/Pribadi
UNILA,1,Kos sendiri,Kos/Asrama
UNILA,0.8,Kos bersama-sama,Kos/Asrama
UNILA,0.4,Rumah ngontrak bersama-sama,Rumah Keluarga/Pribadi
UNILA,0.6,Rumah ngontrak pribadi,Rumah Keluarga/Pribadi
UNILA,1,Kos bersama-sama,Kos/Asrama
UNILA,0.4,Rumah ngontrak bersama-sama,Rumah Keluarga/Pribadi
UNILA,1,Kos sendiri,Kos/Asrama
UNILA,1,Kos bersama-sama,Kos/Asrama
UNILA,0.4,Rumah ngontrak pribadi,Rumah Keluarga/Pribadi
UNILA,0.4,Rumah ngontrak bersama-sama,Rumah Keluarga/Pribadi
UNILA,0.6,Rumah ngontrak bersama-sama,Rumah Keluarga/Pribadi
UNILA,0.4,Kos bersama-sama,Kos/Asrama
UNILA,0.4,Rumah ngontrak bersama-sama,Rumah Keluarga/Pribadi
UNILA,1,Kos bersama-sama,Kos/Asrama
UNILA,1,Kos sendiri,Kos/Asrama
UNILA,2.5,Rumah ngontrak bersama-sama,Rumah Keluarga/Pribadi
UNILA,6.9,Rumah bersama saudara,Rumah Keluarga/Pribadi
UNILA,0.4,Rumah ngontrak bersama-sama,Rumah Keluarga/Pribadi
UNILA,7.4,Rumah pribadi/rumah keluarga,Rumah Keluarga/Pribadi
UNILA,1,Kos bersama-sama,Kos/Asrama
UNILA,3.2,Rumah bersama saudara,Rumah Keluarga/Pribadi
UNILA,1.8,Rumah bersama saudara,Rumah Keluarga/Pribadi
UNILA,1.8,Rumah bersama saudara,Rumah Keluarga/Pribadi
UNILA,7.4,Rumah pribadi/rumah keluarga,Rumah Keluarga/Pribadi
UNILA,6.9,Rumah pribadi/rumah keluarga,Rumah Keluarga/Pribadi
UNILA,0.4,Rumah ngontrak bersama-sama,Rumah Keluarga/Pribadi
UNILA,1,Kos sendiri,Kos/Asrama
UNILA,1,Kos bersama-sama,Kos/Asrama
UNILA,2,Rumah ngontrak bersama-sama,Rumah Keluarga/Pribadi
UNILA,2,Rumah ngontrak bersama-sama,Rumah Keluarga/Pribadi
UNILA,0.7,Kos sendiri,Kos/Asrama
UNILA,0.4,Rumah ngontrak pribadi,Rumah Keluarga/Pribadi
UNILA,0.8,Rumah ngontrak pribadi,Rumah Keluarga/Pribadi
UNILA,1,Kos sendiri,Kos/Asrama
UNILA,7.5,Rumah bersama saudara,Rumah Keluarga/Pribadi
UNILA,0.6,Rumah ngontrak bersama-sama,Rumah Keluarga/Pribadi
UNILA,1.8,Rumah bersama saudara,Rumah Keluarga/Pribadi
UNILA,2.3,Rumah pribadi/rumah keluarga,Rumah Keluarga/Pribadi
UNILA,1,Kos bersama-sama,Kos/Asrama
UNILA,0.6,Rumah ngontrak bersama-sama,Rumah Keluarga/Pribadi
UNILA,2.2,Rumah ngontrak bersama-sama,Rumah Keluarga/Pribadi
UNILA,3.5,Rumah bersama saudara,Rumah Keluarga/Pribadi
UNILA,5.8,Rumah pribadi/rumah keluarga,Rumah Keluarga/Pribadi
UNILA,3.8,Rumah pribadi/rumah keluarga,Rumah Keluarga/Pribadi
UNILA,7.4,Rumah pribadi/rumah keluarga,Rumah Keluarga/Pribadi
UNILA,1,Kos sendiri,Kos/Asrama
UNILA,3.5,Rumah bersama saudara,Rumah Keluarga/Pribadi
UNILA,0.4,Rumah ngontrak bersama-sama,Rumah Keluarga/Pribadi
UNILA,4.1,Rumah pribadi/rumah keluarga,Rumah Keluarga/Pribadi
UNILA,0.4,Rumah ngontrak pribadi,Rumah Keluarga/Pribadi
UNILA,1.8,Rumah bersama saudara,Rumah Keluarga/Pribadi
UNILA,10.8,Rumah pribadi/rumah keluarga,Rumah Keluarga/Pribadi
UNILA,2.5,Rumah ngontrak pribadi,Rumah Keluarga/Pribadi
UNILA,3.3,Rumah pribadi/rumah keluarga,Rumah Keluarga/Pribadi
UNILA,4.7,Rumah bersama saudara,Rumah Keluarga/Pribadi
UNILA,2.2,Rumah bersama saudara,Rumah Keluarga/Pribadi
UNILA,7.3,Rumah bersama saudara,Rumah Keluarga/Pribadi
UNILA,3.9,Rumah bersama saudara,Rumah Keluarga/Pribadi
UNILA,2.5,Rumah ngontrak pribadi,Rumah Keluarga/Pribadi
UNILA,0.6,Rumah ngontrak bersama-sama,Rumah Keluarga/Pribadi
UNILA,0.8,Kos bersama-sama,Kos/Asrama
UNILA,1,Kos bersama-sama,Kos/Asrama
UNILA,6.4,Rumah pribadi/rumah keluarga,Rumah Keluarga/Pribadi
UNILA,0.4,Rumah ngontrak bersama-sama,Rumah Keluarga/Pribadi
UNILA,4.1,Rumah pribadi/rumah keluarga,Rumah Keluarga/Pribadi
UNILA,0.8,Kos sendiri,Kos/Asrama
UNILA,0.6,Asrama,Kos/Asrama
UNILA,0.6,Asrama,Kos/Asrama
UNILA,0.6,Asrama,Kos/Asrama
UNILA,0.6,Asrama,Kos/Asrama
UNILA,0.6,Asrama,Kos/Asrama
UNILA,0.6,Asrama,Kos/Asrama
UNILA,0.6,Asrama,Kos/Asrama
UNILA,0.6,Asrama,Kos/Asrama
UNILA,0.6,Asrama,Kos/Asrama
UNILA,0.6,Asrama,Kos/Asrama
